Month,number,1,---
number,Single Customer Name,Customer Money,CustomerType
1,mUnzpK,78,<class 'str'>
2,JHwcpgrFMbg,100,<class 'str'>
3,JDjTxP,92,<class 'str'>
4,NAKBNHY,83,<class 'str'>
5,KqzymvyzRm,61,<class 'str'>
6,wfSVDaO,97,<class 'str'>
7,eCBRi,54,<class 'str'>
8,dyzbLZ,65,<class 'str'>
9,eXACQDk,53,<class 'str'>
10,nTJqq,87,<class 'str'>
11,yKPxLenE,59,<class 'str'>
12,ZAQGq,99,<class 'str'>
13,wsdujXn,97,<class 'str'>
14,ycNUHDmGXbU,100,<class 'str'>
15,opwrskaQB,86,<class 'str'>
16,WMFiJI,74,<class 'str'>
17,QvyYP,93,<class 'str'>
18,qxAmXYJOgm,98,<class 'str'>
19,rKlNXHrv,53,<class 'str'>
20,WFtroYp,76,<class 'str'>
21,BVnastGGiF,93,<class 'str'>
22,kIViJa,75,<class 'str'>
23,qrnDmVsRb,81,<class 'str'>
24,tlBRzpn,82,<class 'str'>
25,vRKxbTFiHap,77,<class 'str'>
26,UWODayOgyFQ,71,<class 'str'>
27,IHRzd,79,<class 'str'>
28,ienJfVRP,93,<class 'str'>
29,KYRCpXN,83,<class 'str'>
30,gUKPzXhsI,74,<class 'str'>
31,LgBczHN,80,<class 'str'>
32,edtJk,96,<class 'str'>
33,sgfcrxAe,58,<class 'str'>
34,pEQrbJG,95,<class 'str'>
35,hVfEeuW,66,<class 'str'>
36,mcmkKRev,69,<class 'str'>
37,vZyUGTAiI,94,<class 'str'>
38,IgbPv,88,<class 'str'>
39,ZytBfAwGKZz,53,<class 'str'>
40,zxAuoYbPyJj,68,<class 'str'>
41,XFSGbiPttLD,57,<class 'str'>
42,sCQcfyro,95,<class 'str'>
43,BrtCVJuIJV,78,<class 'str'>
44,GvqiI,68,<class 'str'>
45,aEdwYv,73,<class 'str'>
46,CmjCFJwGJsM,52,<class 'str'>
47,ZjNZsYeoCq,87,<class 'str'>
48,YDMMbUqY,90,<class 'str'>
49,TESrNkUF,94,<class 'str'>
50,RAFjtl,91,<class 'str'>
51,cLQbv,77,<class 'str'>
52,hdzArxq,84,<class 'str'>
53,mIRkz,66,<class 'str'>
54,WzLgJjNqFAWv,93,<class 'str'>
55,DhkTQRlBI,87,<class 'str'>
56,YKlgitGkeOu,79,<class 'str'>
57,TMzDRKJ,57,<class 'str'>
58,DryLttbEj,79,<class 'str'>
59,aisAZ,60,<class 'str'>
60,CwYpzgTZJCEC,53,<class 'str'>
61,UDWVQDxJhWS,83,<class 'str'>
62,RdKBbMlqrbdN,95,<class 'str'>
63,uJzXAOD,66,<class 'str'>
64,JCSuRhjuXMix,97,<class 'str'>
65,XYzcX,70,<class 'str'>
66,KOaRgpFjpmmL,77,<class 'str'>
67,gqPzQiCjqd,54,<class 'str'>
68,RxYdgms,84,<class 'str'>
69,kLtbOA,79,<class 'str'>
70,DLVNBRaRlTL,65,<class 'str'>
71,qehdUQscn,78,<class 'str'>
72,Smlae,89,<class 'str'>
73,uEDngL,75,<class 'str'>
74,deUqYG,68,<class 'str'>
75,ilyuIzePub,95,<class 'str'>
76,bDNLwU,56,<class 'str'>
77,UCkhdxZ,60,<class 'str'>
78,eNNESEH,63,<class 'str'>
79,WxCvNgfKhF,99,<class 'str'>
80,pLbaBg,99,<class 'str'>
81,bvKoxvenkyf,70,<class 'str'>
82,XZPTQ,53,<class 'str'>
83,XJqxGIn,69,<class 'str'>
84,dCWWKMKLY,100,<class 'str'>
85,PGZdWpMD,65,<class 'str'>
86,QioUZQjYLk,59,<class 'str'>
87,WQBYLB,61,<class 'str'>
88,pBWLViftN,61,<class 'str'>
89,GtNmqnj,73,<class 'str'>
90,LtBOY,75,<class 'str'>
91,yMFnGsn,60,<class 'str'>
92,QGUvDwc,83,<class 'str'>
93,PaTWSrvUy,62,<class 'str'>
94,ohWBRJl,77,<class 'str'>
95,ShXQQ,83,<class 'str'>
96,EgxhQe,70,<class 'str'>
97,LpStbNEfHHqI,71,<class 'str'>
98,fqkcQvZAHy,54,<class 'str'>
99,cLhSTYQMS,91,<class 'str'>
100,nbUECekAC,71,<class 'str'>
101,GzdEfmbSeS,67,<class 'str'>
102,mIUtjMNOvdR,66,<class 'str'>
103,wqCjk,85,<class 'str'>
104,NEyYB,63,<class 'str'>
105,UoalJ,100,<class 'str'>
106,PZLkQNMs,65,<class 'str'>
107,SytirldIOv,59,<class 'str'>
108,KjCnErV,59,<class 'str'>
109,QEnrppOqItU,58,<class 'str'>
110,MyshMjl,78,<class 'str'>
111,OfSmz,65,<class 'str'>
112,CmsUWgLni,94,<class 'str'>
113,qYAXH,65,<class 'str'>
114,iTbtkcM,51,<class 'str'>
115,zCnKUDr,82,<class 'str'>
116,vpmyP,64,<class 'str'>
117,IDoIzXqCNjo,53,<class 'str'>
118,NhmMSCpuL,73,<class 'str'>
119,zEOjxbLk,62,<class 'str'>
120,hnmSIDULxc,94,<class 'str'>
121,RoYTfKzLeoyC,97,<class 'str'>
122,zjGdB,82,<class 'str'>
123,BcEQBdBd,83,<class 'str'>
124,nlZWSRtxt,72,<class 'str'>
125,aKORCTCD,97,<class 'str'>
126,EkiqlL,57,<class 'str'>
127,yKRGdeEg,61,<class 'str'>
128,poZkrbMMxkdd,82,<class 'str'>
129,JGgtLShfsou,51,<class 'str'>
130,NKncTA,94,<class 'str'>
131,mglhaTk,77,<class 'str'>
132,huuSd,84,<class 'str'>
133,TKoFuQjoSsm,57,<class 'str'>
134,QJhJfLEhnMU,69,<class 'str'>
135,zyiomIcW,71,<class 'str'>
136,gzbxfSqrMa,84,<class 'str'>
137,OyVHh,69,<class 'str'>
138,rrMkTX,67,<class 'str'>
139,gdIDA,78,<class 'str'>
140,RzAVNSLje,72,<class 'str'>
141,lPlbTImWsvu,70,<class 'str'>
142,qNTCLCmg,91,<class 'str'>
143,CNATEjzgx,93,<class 'str'>
144,IUuiEJ,83,<class 'str'>
145,uBIuWg,76,<class 'str'>
146,FmFNtgmWn,66,<class 'str'>
147,BIgWDsQXNX,50,<class 'str'>
148,neUbIWDPLx,50,<class 'str'>
149,XGyVWheJJ,66,<class 'str'>
150,sPOqVNNesP,90,<class 'str'>
151,eWKksnV,50,<class 'str'>
152,BIDZxyQ,100,<class 'str'>
153,nqTEixmA,71,<class 'str'>
154,RKPAypGnwb,72,<class 'str'>
155,pYSmkwzgDX,83,<class 'str'>
156,SiuAn,91,<class 'str'>
157,BzwJy,79,<class 'str'>
158,JXvsBS,55,<class 'str'>
159,gCLJOiW,54,<class 'str'>
160,LqkaSYzjbGtP,85,<class 'str'>
161,QbunUkUrO,75,<class 'str'>
162,UfwQxH,84,<class 'str'>
163,QliwlpxEgHhe,61,<class 'str'>
164,MMAqnYZFvjt,74,<class 'str'>
165,xFGbMoELkzXy,69,<class 'str'>
166,LMWIzrCwjq,78,<class 'str'>
167,hTbLeytAbXQe,94,<class 'str'>
168,ahxfWTYZh,66,<class 'str'>
169,RRpvoLwJ,65,<class 'str'>
170,bMLdnhx,79,<class 'str'>
171,imWJYGiC,93,<class 'str'>
172,qpnvL,82,<class 'str'>
173,gproONyFBKVT,80,<class 'str'>
174,edFbOtB,54,<class 'str'>
175,hYgNs,81,<class 'str'>
176,xDLwStqbMAXI,65,<class 'str'>
177,FGROsDSc,51,<class 'str'>
178,OxQMvzBkH,66,<class 'str'>
179,gFLZDjIph,91,<class 'str'>
180,joYvTyyLL,63,<class 'str'>
181,bEjKSOEXsXz,60,<class 'str'>
182,jLMzmdpYR,65,<class 'str'>
183,AfGftCgjQk,94,<class 'str'>
184,waSbXEZ,66,<class 'str'>
185,XzoEkswz,91,<class 'str'>
186,Xpunm,94,<class 'str'>
187,zoHFRqwVxv,84,<class 'str'>
188,nZfSatiCA,88,<class 'str'>
189,osjqE,91,<class 'str'>
190,LptzkAply,54,<class 'str'>
191,BWJFHOYWmdT,80,<class 'str'>
192,fSpVeg,81,<class 'str'>
193,VmEBVKPGuxv,80,<class 'str'>
194,ElQxXB,100,<class 'str'>
195,dpkduU,58,<class 'str'>
196,aFnShqVyPK,54,<class 'str'>
197,FxsbTFPO,54,<class 'str'>
198,pRHhHnPw,76,<class 'str'>
199,FgKziimM,77,<class 'str'>
200,DAScCUkgi,84,<class 'str'>
201,AhHhMByC,54,<class 'str'>
202,hXlBEDiZbQ,69,<class 'str'>
203,GKyDsgebj,78,<class 'str'>
204,wjdOCMHtP,77,<class 'str'>
205,sHObYYjweYD,82,<class 'str'>
206,bJXhVXbm,55,<class 'str'>
207,iFLWgh,62,<class 'str'>
208,xDzJNshvwfRA,65,<class 'str'>
209,JRurvVHx,85,<class 'str'>
210,OmmgCHFL,80,<class 'str'>
211,IUaCtu,59,<class 'str'>
212,vDPrB,96,<class 'str'>
213,UcQIqriOv,61,<class 'str'>
214,EuSScxONULMC,57,<class 'str'>
215,FpRkh,56,<class 'str'>
216,Bxvme,80,<class 'str'>
217,jmxzS,72,<class 'str'>
218,eUgNUs,70,<class 'str'>
219,maMhWtiy,62,<class 'str'>
220,yOQKNCoZo,92,<class 'str'>
221,GaLNYM,100,<class 'str'>
222,mPiisIXWyyx,88,<class 'str'>
223,KHFkBBzDvE,87,<class 'str'>
224,afggwrKYGk,89,<class 'str'>
225,FngIInkgNb,89,<class 'str'>
226,SXbPuihZt,86,<class 'str'>
227,mnbpF,78,<class 'str'>
228,RIwUfCe,61,<class 'str'>
229,YIILuEXsihF,90,<class 'str'>
230,NcHAxxbMd,69,<class 'str'>
231,eQgNnYwd,56,<class 'str'>
232,xdUojyYLR,60,<class 'str'>
233,MeOofwwRbsUr,84,<class 'str'>
234,vKqVUNlbEzOx,88,<class 'str'>
235,xFeXYApcnh,75,<class 'str'>
236,NDvwlgsc,64,<class 'str'>
237,zgjfzDA,85,<class 'str'>
238,kMVXYAd,53,<class 'str'>
239,JujCHNmtE,58,<class 'str'>
240,feqqClnpln,74,<class 'str'>
241,NqChncGCQRXi,84,<class 'str'>
242,FVkdyg,88,<class 'str'>
243,GiKjQX,95,<class 'str'>
244,lXeBglztYE,61,<class 'str'>
245,gOCgIAdpTIYi,93,<class 'str'>
246,uOlnK,97,<class 'str'>
247,wHJLPoZxHgt,92,<class 'str'>
248,WKTccZuND,74,<class 'str'>
249,vyHyITXQ,57,<class 'str'>
250,AKflmGZHTo,69,<class 'str'>
251,qbizdXBnxlM,63,<class 'str'>
252,HPAvm,83,<class 'str'>
253,AZlXgJHgA,90,<class 'str'>
254,zBqiF,71,<class 'str'>
255,aWcPEt,60,<class 'str'>
256,aBPtP,75,<class 'str'>
257,oXIFlwbNjQGS,82,<class 'str'>
258,fFIqHewxu,92,<class 'str'>
259,eLvbrLQM,88,<class 'str'>
260,ClxvnK,76,<class 'str'>
261,mbxoGXPf,95,<class 'str'>
262,VgYrXK,67,<class 'str'>
263,hTWpVsDl,75,<class 'str'>
264,NbxLwRRKYO,83,<class 'str'>
265,oMVOGpDs,81,<class 'str'>
266,QDeosQQPwAUN,58,<class 'str'>
267,RLmasAI,96,<class 'str'>
268,tnGWCkkETd,70,<class 'str'>
269,fwpZzfKdLAN,62,<class 'str'>
270,DrHTIkq,61,<class 'str'>
271,wdAyMsNxlK,78,<class 'str'>
272,ldIWsBlwaD,96,<class 'str'>
273,VTSdvZ,99,<class 'str'>
274,YizqSogLnVn,71,<class 'str'>
275,UmHnhAe,98,<class 'str'>
276,cgGKsg,71,<class 'str'>
277,jAkYaCWWj,58,<class 'str'>
278,dxGmPNEYUd,63,<class 'str'>
279,TEaiKCoYpKb,62,<class 'str'>
280,qHWrNkYdDjTY,96,<class 'str'>
281,monEl,58,<class 'str'>
282,AOyUQCnVhD,91,<class 'str'>
283,WyGVJmuOW,75,<class 'str'>
284,pGNpEsxQMWDg,97,<class 'str'>
285,PpNhIxE,82,<class 'str'>
286,zqLrBt,68,<class 'str'>
287,dVdbNoFNQOYa,91,<class 'str'>
288,sYuZqMnSS,55,<class 'str'>
289,vqVZBpbAl,53,<class 'str'>
290,vqdrDwJX,79,<class 'str'>
291,tdDraZsDIzA,60,<class 'str'>
292,OHFxB,62,<class 'str'>
293,UVzPqdzrxc,100,<class 'str'>
294,hzxpPRGAek,96,<class 'str'>
295,KRgsnXRExJv,83,<class 'str'>
296,QcdXobDiGxiZ,50,<class 'str'>
297,XYoZDWk,94,<class 'str'>
298,oLqoxPEnLnK,54,<class 'str'>
299,DaTQSj,56,<class 'str'>
300,zFXaItLQT,84,<class 'str'>
301,rptIiDiivQCT,75,<class 'str'>
302,WZvGA,69,<class 'str'>
303,iNdCZAz,64,<class 'str'>
304,GlQsUkG,73,<class 'str'>
305,bMeylcl,74,<class 'str'>
306,xmWuApMfz,95,<class 'str'>
307,BEzPVUHHXSXR,69,<class 'str'>
308,VDoQZQ,87,<class 'str'>
309,cLRCtE,60,<class 'str'>
310,RDmDlOmuWMe,80,<class 'str'>
311,YXGaJ,78,<class 'str'>
312,fygcvFqgA,84,<class 'str'>
313,YkNkJr,96,<class 'str'>
314,phQklOecGX,65,<class 'str'>
315,xTzkIUgam,55,<class 'str'>
316,QJbQuiEgC,59,<class 'str'>
317,QUwuvkZ,100,<class 'str'>
318,SQkRhU,84,<class 'str'>
319,pKxOISXLpQ,57,<class 'str'>
320,nFbEfgrXdr,58,<class 'str'>
321,FKdJK,83,<class 'str'>
322,NvBPKlQXI,81,<class 'str'>
323,slUulOjPfJJu,57,<class 'str'>
324,czGVUmTYPCgB,58,<class 'str'>
325,gdTrtIRf,50,<class 'str'>
326,egqoGIc,85,<class 'str'>
327,rfQFFjehI,72,<class 'str'>
328,cfNuxpE,89,<class 'str'>
329,MHQbIPxO,82,<class 'str'>
330,vkLDdAMp,58,<class 'str'>
331,nxlGJ,75,<class 'str'>
332,cgvbBwTafffq,89,<class 'str'>
333,ZbAnNT,88,<class 'str'>
334,Zwzaf,66,<class 'str'>
335,cuUCL,69,<class 'str'>
336,umDUG,58,<class 'str'>
337,jidwOJGeWli,97,<class 'str'>
338,qOTHpwhyw,89,<class 'str'>
339,PEMGFoFQeE,74,<class 'str'>
340,qRlwjiMWeM,56,<class 'str'>
341,NnkhqsrqSm,53,<class 'str'>
342,ZtrEG,63,<class 'str'>
343,msQVGSTHuSD,63,<class 'str'>
344,dUDslUWJBC,72,<class 'str'>
345,jhYpwAFaYqy,67,<class 'str'>
346,fHtnIreqR,75,<class 'str'>
347,YnawcVXnfaK,100,<class 'str'>
348,QtSshERK,94,<class 'str'>
349,hJZZAjXkS,86,<class 'str'>
350,GLfSYobpYll,64,<class 'str'>
351,azXVGpTh,64,<class 'str'>
352,TpRuF,88,<class 'str'>
353,KglrBvFyv,92,<class 'str'>
354,VDUxVi,59,<class 'str'>
355,EjUhan,63,<class 'str'>
356,HyMsZQx,60,<class 'str'>
357,AqduOYD,54,<class 'str'>
358,LqzcvMVnsTlF,81,<class 'str'>
359,vhUvK,55,<class 'str'>
360,CkouHaZ,69,<class 'str'>
361,hWaOId,87,<class 'str'>
362,yDwdxEcRh,73,<class 'str'>
363,uTWzoLhzE,52,<class 'str'>
364,dGXBtNmvVh,56,<class 'str'>
365,wPAqQhkHYh,51,<class 'str'>
366,AiqWwtgDOT,67,<class 'str'>
367,RbokjU,50,<class 'str'>
368,jWalRZXbln,63,<class 'str'>
369,sglbqW,75,<class 'str'>
370,iQpNOUevILV,88,<class 'str'>
371,kUVWuChiQzY,87,<class 'str'>
372,lWzAA,77,<class 'str'>
373,tRFYK,97,<class 'str'>
374,ZrAjKYmU,60,<class 'str'>
375,fXFxCh,99,<class 'str'>
376,jkAifruIz,97,<class 'str'>
377,bDOMSpUqbcH,68,<class 'str'>
378,kdAvArOF,66,<class 'str'>
379,KJKAWU,90,<class 'str'>
380,FoHWOmm,51,<class 'str'>
381,wbZQVkekIuUF,81,<class 'str'>
382,nhGUzzKFZ,52,<class 'str'>
383,TMRagQshP,73,<class 'str'>
384,mueFhnJ,76,<class 'str'>
385,AQimI,67,<class 'str'>
386,lVvbnFmsunNQ,62,<class 'str'>
387,bnLhNeijGS,60,<class 'str'>
388,BiUtWbmP,68,<class 'str'>
389,TCRLYR,82,<class 'str'>
390,XtgVGYL,96,<class 'str'>
391,umeOB,70,<class 'str'>
392,EOIdSnIp,84,<class 'str'>
393,lEdXyUfMboWA,89,<class 'str'>
394,RtLohhlAXh,97,<class 'str'>
395,vHQfeRKvpi,61,<class 'str'>
396,ZLlgMxAzvzEM,51,<class 'str'>
397,jUfNIvAMlQ,79,<class 'str'>
398,RHKKpmS,53,<class 'str'>
399,BuBxH,84,<class 'str'>
400,gaXedrzumUVf,59,<class 'str'>
401,YYwNT,67,<class 'str'>
402,vfCPC,94,<class 'str'>
403,jjHuqzI,88,<class 'str'>
404,BPSmMf,85,<class 'str'>
405,MuRuu,95,<class 'str'>
406,XSmnLUZXtW,79,<class 'str'>
407,tIfqDxTup,61,<class 'str'>
408,XVtaYHWnVJi,85,<class 'str'>
409,QIffuNdQxH,82,<class 'str'>
410,TnwWYMN,66,<class 'str'>
411,LBguxD,76,<class 'str'>
412,YuHEHtOt,77,<class 'str'>
413,YjNVoKt,87,<class 'str'>
414,kSSASCZImw,57,<class 'str'>
415,srOgqLQMC,64,<class 'str'>
416,MxZQFM,81,<class 'str'>
417,BHaoxnp,65,<class 'str'>
418,ipBnWcrtimc,56,<class 'str'>
419,OLSeU,96,<class 'str'>
420,mhgWOLGmW,96,<class 'str'>
421,UkWhu,51,<class 'str'>
422,ctxuvGcIZX,51,<class 'str'>
423,zHlMB,78,<class 'str'>
424,wSQHCb,96,<class 'str'>
425,cFlypPL,78,<class 'str'>
426,ICjadSD,59,<class 'str'>
427,RxYiLOy,76,<class 'str'>
428,ormeAkOMZ,99,<class 'str'>
429,nDxXM,71,<class 'str'>
430,NhmFjyXtLJ,95,<class 'str'>
431,gBkBnAfLt,70,<class 'str'>
432,IMwQISqkWwCS,94,<class 'str'>
433,YEtnEiy,76,<class 'str'>
434,EENyXvYK,100,<class 'str'>
435,xmSXCFAwEN,89,<class 'str'>
436,HKhQWZY,97,<class 'str'>
437,JFNRKwDiBMk,68,<class 'str'>
438,DKKAQAsnxaQF,86,<class 'str'>
439,kDLqSvNQd,88,<class 'str'>
440,ScMEB,70,<class 'str'>
441,hqfVZsvjEPkh,94,<class 'str'>
442,UuqgdzgNdVf,99,<class 'str'>
443,BShzPjG,77,<class 'str'>
444,WniRuxS,62,<class 'str'>
445,apUuY,94,<class 'str'>
446,DklfDxMehJQE,63,<class 'str'>
447,vyjwl,56,<class 'str'>
448,QcbLMEsqERX,73,<class 'str'>
449,sGzuWUToGG,95,<class 'str'>
450,DkIBNEEz,71,<class 'str'>
451,UgFhGWbtm,68,<class 'str'>
452,smkjcYXXk,76,<class 'str'>
453,ChCjE,73,<class 'str'>
454,ZkaNq,97,<class 'str'>
455,VQWlmDnj,59,<class 'str'>
456,ZnLFuK,56,<class 'str'>
457,JhTBVdKdX,88,<class 'str'>
458,mCYAjYDICLB,81,<class 'str'>
459,YlHOVmRvtIX,81,<class 'str'>
460,FJdJUCj,69,<class 'str'>
461,oanOkqeH,97,<class 'str'>
462,tOWDuhS,59,<class 'str'>
463,RQPYjHdioZKe,90,<class 'str'>
464,VkHoFjpk,91,<class 'str'>
465,BNDbwTpjtU,99,<class 'str'>
466,WxNLYHNjybb,59,<class 'str'>
467,yQNlbGsU,94,<class 'str'>
468,KpDEC,79,<class 'str'>
469,bCgbiVAtzB,68,<class 'str'>
470,SIxWyvc,74,<class 'str'>
471,MLAnGvy,69,<class 'str'>
472,ZHCacETih,61,<class 'str'>
473,FTFcs,86,<class 'str'>
474,QUCqZh,57,<class 'str'>
475,fTWzg,62,<class 'str'>
476,NMvOsbai,93,<class 'str'>
477,uUTVGKXIAIQ,89,<class 'str'>
478,IoIpCMvddxE,83,<class 'str'>
479,YXKVaNhOR,88,<class 'str'>
480,tbqEiX,54,<class 'str'>
481,ssifeVEnI,77,<class 'str'>
482,pNMEmyGCoplJ,95,<class 'str'>
483,wsVPrZKqb,69,<class 'str'>
484,rYLLVuH,64,<class 'str'>
485,jBIPRGKn,83,<class 'str'>
486,XPjNV,74,<class 'str'>
487,hCTiXX,78,<class 'str'>
488,VADGBH,75,<class 'str'>
489,HLyviyj,73,<class 'str'>
490,iwtkS,76,<class 'str'>
491,LReXsS,53,<class 'str'>
492,MYvKsXFQRGQ,95,<class 'str'>
493,JuVvvTMQFExq,83,<class 'str'>
494,dviuTZgJ,56,<class 'str'>
495,OotXKBTKe,73,<class 'str'>
496,xnbvRoPFpd,71,<class 'str'>
497,NYSEnJArG,76,<class 'str'>
498,UuXQIbTZGIz,53,<class 'str'>
499,sQYvEuoMNY,64,<class 'str'>
500,FexGnAGpJf,95,<class 'str'>
501,DcenKrkhAxu,89,<class 'str'>
502,pbLqfh,67,<class 'str'>
503,EzaPYqdIn,63,<class 'str'>
504,JmFXPyHzY,73,<class 'str'>
505,JiRptydyXIj,64,<class 'str'>
506,fozdHLot,76,<class 'str'>
507,pJJDBIMQnOlU,72,<class 'str'>
508,LRKLdRj,100,<class 'str'>
509,sSKIkB,61,<class 'str'>
510,IbiZAXy,52,<class 'str'>
511,GoGGH,91,<class 'str'>
512,ABAexJGkR,66,<class 'str'>
513,QOymQT,100,<class 'str'>
514,CKcoC,56,<class 'str'>
515,UcZhD,61,<class 'str'>
516,PZNeZt,71,<class 'str'>
517,vnDULv,95,<class 'str'>
518,rgJnTGytwxVN,85,<class 'str'>
519,FJUMLHxyB,88,<class 'str'>
520,lueBYwqS,98,<class 'str'>
521,SOUdWKGev,52,<class 'str'>
522,VrFzlC,62,<class 'str'>
523,HulIvDXra,83,<class 'str'>
524,qgazNOliiQB,79,<class 'str'>
525,zYIhUJdTsQ,68,<class 'str'>
526,leIglK,82,<class 'str'>
527,aVPHuBlIbZNx,84,<class 'str'>
528,YLBdLXj,87,<class 'str'>
529,cDRKoUUuW,83,<class 'str'>
530,wJfjo,53,<class 'str'>
531,ccgPMj,80,<class 'str'>
532,ejqjxUDuvijm,84,<class 'str'>
533,HZpRYAAxCuy,83,<class 'str'>
534,JfVnJsJskYv,71,<class 'str'>
535,tdsrcD,75,<class 'str'>
536,IWNMbDLmNgW,89,<class 'str'>
537,IAZYO,60,<class 'str'>
538,JLQkndDPnmth,85,<class 'str'>
539,qJpBEMxwhzJ,63,<class 'str'>
540,ftrVePPzF,65,<class 'str'>
541,zFVHUf,57,<class 'str'>
542,ztzEynbacKZs,95,<class 'str'>
543,vDnPvIIh,62,<class 'str'>
544,zblhY,68,<class 'str'>
545,AtLQgynnjT,82,<class 'str'>
546,cIcBR,75,<class 'str'>
547,HnLgdDg,96,<class 'str'>
548,sijyIqGPujt,76,<class 'str'>
549,dFAeXWiQ,76,<class 'str'>
550,ymFrnSkfVJuy,57,<class 'str'>
551,rLrIG,86,<class 'str'>
552,rjHXytwH,77,<class 'str'>
553,tusyYgODwPCZ,68,<class 'str'>
554,ZZVdYnfp,85,<class 'str'>
555,SJNOqYx,80,<class 'str'>
556,WWOETvhLffs,53,<class 'str'>
557,TZAAwjTUI,84,<class 'str'>
558,EMIZPaBKx,73,<class 'str'>
559,SchBpkgeo,75,<class 'str'>
560,DDTJQpXCUSZ,68,<class 'str'>
561,SqDrTrwKMMLf,59,<class 'str'>
562,IHEIExpocZ,68,<class 'str'>
563,tlwZKhRIhuW,92,<class 'str'>
564,OProBEitjM,77,<class 'str'>
565,yvcAmRfHXL,58,<class 'str'>
566,JXgTrdb,51,<class 'str'>
567,GzUCVhWIBWNp,73,<class 'str'>
568,dsbDsoWRq,87,<class 'str'>
569,hperGHRnes,85,<class 'str'>
570,cOyazEVYePna,50,<class 'str'>
571,hJHdf,95,<class 'str'>
572,trbroumKgF,99,<class 'str'>
573,oIHcvPVfd,93,<class 'str'>
574,ThjCOsH,59,<class 'str'>
575,cbzBFeAWGHR,63,<class 'str'>
576,zYGuhbImrCJe,51,<class 'str'>
577,ImdnnOocwjEm,98,<class 'str'>
578,QUQuzXzecLf,87,<class 'str'>
579,OQctqPrticq,62,<class 'str'>
580,NwvaWYWT,70,<class 'str'>
581,qTaEG,72,<class 'str'>
582,kLmuh,64,<class 'str'>
583,iJjKMnjBlfZ,55,<class 'str'>
584,bPbTWcbB,65,<class 'str'>
585,YVtkU,72,<class 'str'>
586,OTACih,56,<class 'str'>
587,XUQoV,78,<class 'str'>
588,xmUeP,55,<class 'str'>
589,QLoLSqT,51,<class 'str'>
590,RsjPsN,99,<class 'str'>
591,tjDlmK,72,<class 'str'>
592,HZbxvtmWew,55,<class 'str'>
593,zEkzsixGZK,72,<class 'str'>
594,IezzeurwlXm,57,<class 'str'>
595,syPobLFvTycE,81,<class 'str'>
596,SawDyyATmWkS,92,<class 'str'>
597,aVCTxewkDO,52,<class 'str'>
598,ovZYVnSKgB,50,<class 'str'>
599,DPcwkdTIO,67,<class 'str'>
600,bTLAJgCG,68,<class 'str'>
601,kDiZtcTRer,98,<class 'str'>
602,zXJtfXcJ,65,<class 'str'>
603,GWGwe,73,<class 'str'>
604,yRYkTPpIL,98,<class 'str'>
605,uYoIcDTcjA,90,<class 'str'>
606,dzhAHkoHgiW,85,<class 'str'>
607,FIdlEvLLI,99,<class 'str'>
608,bAWtIt,100,<class 'str'>
609,oaylsUKTYMit,70,<class 'str'>
610,GnTpdW,92,<class 'str'>
611,ebVJbsXqC,93,<class 'str'>
612,QtKtd,61,<class 'str'>
613,csTYuHTd,78,<class 'str'>
614,NYfApUe,77,<class 'str'>
615,CIsHuX,67,<class 'str'>
616,cNMphUFm,60,<class 'str'>
617,KiHplrIhbzVU,84,<class 'str'>
618,UrfJmYAdfsmw,84,<class 'str'>
619,LGUOopOnNo,95,<class 'str'>
620,bJzvcoUwn,81,<class 'str'>
621,LRFYhINNMz,90,<class 'str'>
622,UhFlmZ,86,<class 'str'>
623,fENIbgGKla,98,<class 'str'>
624,TDWbu,67,<class 'str'>
625,oLetDNLhEFZ,77,<class 'str'>
626,XKdRXzFGwjnz,65,<class 'str'>
627,nOXYGqB,82,<class 'str'>
628,lYBzsJ,61,<class 'str'>
629,ABmnIclk,92,<class 'str'>
630,xycAaGkmXBd,50,<class 'str'>
631,uIVnHWL,65,<class 'str'>
632,JpJrvNpdjIgZ,74,<class 'str'>
633,lzRHCobY,90,<class 'str'>
634,aOoyVdpqvL,92,<class 'str'>
635,YDIYyIr,88,<class 'str'>
636,UPNiLVBLT,67,<class 'str'>
637,XEcJQA,100,<class 'str'>
638,UsdQcDMexo,52,<class 'str'>
639,zkYMzAIyfBiw,84,<class 'str'>
640,rYxQifV,96,<class 'str'>
641,uZFICxzy,80,<class 'str'>
642,dSLPLhXaPx,90,<class 'str'>
643,tWXxgJR,55,<class 'str'>
644,opeRaq,98,<class 'str'>
645,OwhXystV,57,<class 'str'>
646,WvXCDlhDLqn,94,<class 'str'>
647,hakBllaDXEV,50,<class 'str'>
648,ZYOmicAETmNQ,55,<class 'str'>
649,VyEPxoPRNoHk,56,<class 'str'>
650,QyAepyMm,82,<class 'str'>
651,PFNJLHQ,69,<class 'str'>
652,tZrgCMX,77,<class 'str'>
653,fnKTqzIq,84,<class 'str'>
654,PuIhrFFX,61,<class 'str'>
655,wWcNYCArLgK,79,<class 'str'>
656,Ndhbro,83,<class 'str'>
657,DPbqNxsdi,83,<class 'str'>
658,sTgtSZNsCz,76,<class 'str'>
659,YfuuZos,81,<class 'str'>
660,CZCoctKSGj,97,<class 'str'>
661,YFVZXOMvbGY,52,<class 'str'>
662,RsVDnDn,82,<class 'str'>
663,MnrJRlQ,75,<class 'str'>
664,gMyxoqLHEMt,93,<class 'str'>
665,mnRVsmwpVh,62,<class 'str'>
666,QMrKe,77,<class 'str'>
667,EwJfEBqlLxh,81,<class 'str'>
668,KUrEKD,86,<class 'str'>
669,lxpqPKdyF,53,<class 'str'>
670,PGphZp,85,<class 'str'>
671,cERDTbO,77,<class 'str'>
672,FmUpoA,69,<class 'str'>
673,xnvaKq,61,<class 'str'>
674,WwfjpbFgTE,76,<class 'str'>
675,qNHQXP,84,<class 'str'>
676,jGzvRglTtXqY,95,<class 'str'>
677,yHjCYBGRd,72,<class 'str'>
678,RWNwaokbaEiY,56,<class 'str'>
679,wxVPTAN,100,<class 'str'>
680,tCEcYUgAHejw,51,<class 'str'>
681,eYwMusVMayan,55,<class 'str'>
682,eCBbhJwN,91,<class 'str'>
683,auRUVE,85,<class 'str'>
684,ryhuv,84,<class 'str'>
685,CBvTBX,88,<class 'str'>
686,KCWabvTKDxbE,54,<class 'str'>
687,lhfPtEjfT,64,<class 'str'>
688,rtXsl,73,<class 'str'>
689,nVlyPenfJ,61,<class 'str'>
690,dFhMzE,65,<class 'str'>
691,npbtQxfJbO,70,<class 'str'>
692,hKuRxvAXwjqY,93,<class 'str'>
693,MMXbgZCmgk,55,<class 'str'>
694,tlLiNhZXw,78,<class 'str'>
695,klEcu,65,<class 'str'>
696,TyRUQ,75,<class 'str'>
697,NmifRpVOZs,61,<class 'str'>
698,PfgOhbwAcTL,59,<class 'str'>
699,zMtxHYGx,60,<class 'str'>
700,mtSDvNO,93,<class 'str'>
701,GqKOXopKuKvz,75,<class 'str'>
702,vJsUwi,55,<class 'str'>
703,vvKClyPZNR,77,<class 'str'>
704,TjWPUWjOSW,73,<class 'str'>
705,FjvIoRGw,79,<class 'str'>
706,RtobOnRHmd,65,<class 'str'>
707,FYKPje,68,<class 'str'>
708,ECBHGkWICXr,83,<class 'str'>
709,qUGEAPglYI,89,<class 'str'>
710,gnIGFtwsPwnf,81,<class 'str'>
711,yyIpc,78,<class 'str'>
712,PUPwGumz,94,<class 'str'>
713,NtNdLeZir,57,<class 'str'>
714,bnQvyLHEBnb,60,<class 'str'>
715,dLOFP,88,<class 'str'>
716,HLvtIzqDod,80,<class 'str'>
717,SsMwiAQZza,80,<class 'str'>
718,CzkCPWyg,96,<class 'str'>
719,fSTAwkVEvYX,89,<class 'str'>
720,hLYYEqQCXh,90,<class 'str'>
721,cveJt,58,<class 'str'>
722,QvSnktVt,95,<class 'str'>
723,Xtbiwvyrh,83,<class 'str'>
724,rVQgmlO,94,<class 'str'>
725,IRFOCv,80,<class 'str'>
726,cqMEiRBU,74,<class 'str'>
727,uKUCRywhJ,64,<class 'str'>
728,pPBqbIE,68,<class 'str'>
729,uHToCsf,84,<class 'str'>
730,ZtIPrFay,89,<class 'str'>
731,jXiMET,85,<class 'str'>
732,plIlai,64,<class 'str'>
733,PMvEh,54,<class 'str'>
734,eNMkURuHU,67,<class 'str'>
735,DbVGmKl,90,<class 'str'>
736,FKXhDXOp,53,<class 'str'>
737,HquwHguQVz,86,<class 'str'>
738,tyIWcEkTB,69,<class 'str'>
739,iLUpUVxAWL,67,<class 'str'>
740,UQHahg,51,<class 'str'>
741,FHwsfWEsrI,93,<class 'str'>
742,bWOTBoLq,92,<class 'str'>
743,WrRqtGKEeZ,68,<class 'str'>
744,ceiREBuAsNRl,99,<class 'str'>
745,kSVJRhRIlja,89,<class 'str'>
746,MqmEffNi,63,<class 'str'>
747,wQbrf,66,<class 'str'>
748,pgbTtlAMlDQv,76,<class 'str'>
749,navNNkbtZOF,77,<class 'str'>
750,vVQkhbTRR,50,<class 'str'>
751,oKDijVU,78,<class 'str'>
752,HLSzWqcJQF,70,<class 'str'>
753,zBxeGKmNnS,85,<class 'str'>
754,vagDyigkCHEO,82,<class 'str'>
755,FmdbYSpxQbC,55,<class 'str'>
756,BmWZGIHgGGj,100,<class 'str'>
757,mcTqszI,58,<class 'str'>
758,vLbGRG,96,<class 'str'>
759,OFyLLl,62,<class 'str'>
760,DqCMuXEZ,85,<class 'str'>
761,aMAkiCe,66,<class 'str'>
762,egoGXMcijFZd,99,<class 'str'>
763,kQWwWl,65,<class 'str'>
764,yFWioFPZx,88,<class 'str'>
765,BZDoD,70,<class 'str'>
766,KTgkfRmDcJ,76,<class 'str'>
767,GcTufjjFlsG,67,<class 'str'>
768,LIFHbOuSNx,69,<class 'str'>
769,nrooctClY,61,<class 'str'>
770,dwjqElYRFLQ,95,<class 'str'>
771,KMoFMFxB,62,<class 'str'>
772,CbZwQVNT,84,<class 'str'>
773,xKUJj,98,<class 'str'>
774,xMOxcUy,93,<class 'str'>
775,JbvGALCxPAl,73,<class 'str'>
776,ZzsnGNbHb,74,<class 'str'>
777,DrWByoomMXR,92,<class 'str'>
778,MXVQa,66,<class 'str'>
779,iiewY,88,<class 'str'>
780,eIyVqbNeFuq,100,<class 'str'>
781,wpisSyKzK,54,<class 'str'>
782,rtRYSJCzBBb,61,<class 'str'>
783,sLukNuxCiD,81,<class 'str'>
784,wzwfJwmL,74,<class 'str'>
785,qKkZxiVF,75,<class 'str'>
786,wJXnstaWI,63,<class 'str'>
787,LhFOOCqX,72,<class 'str'>
788,ZtnuKjXIX,99,<class 'str'>
789,hZdyKGgZIJjH,76,<class 'str'>
790,GKQXyZIeYol,98,<class 'str'>
791,GgNggmgcjgS,57,<class 'str'>
792,fbHgp,92,<class 'str'>
793,QVDgzmmC,88,<class 'str'>
794,ulDgaysxNAXF,94,<class 'str'>
795,BLncEYyHuA,50,<class 'str'>
796,gGJyCGKSvKu,71,<class 'str'>
797,NoHklqUSF,71,<class 'str'>
798,XsFZG,81,<class 'str'>
799,QzlmtipDG,100,<class 'str'>
800,OZcOBv,90,<class 'str'>
801,xTywnQ,77,<class 'str'>
802,mQsxeJKzsy,65,<class 'str'>
803,HkPLBjqxkv,61,<class 'str'>
804,MTsnPZ,98,<class 'str'>
805,umXMiRdH,89,<class 'str'>
806,BzfRunEA,80,<class 'str'>
807,aVjCJ,62,<class 'str'>
808,ujwPbYZrmw,99,<class 'str'>
809,GIqxmYa,70,<class 'str'>
810,suLBHafOPr,65,<class 'str'>
811,lJrpJ,100,<class 'str'>
812,qUJRrGCEiB,83,<class 'str'>
813,CyoBqTokoa,63,<class 'str'>
814,OtZkxN,87,<class 'str'>
815,VxJYBy,82,<class 'str'>
816,FPIWAAHBa,74,<class 'str'>
817,wXeWlyqHB,86,<class 'str'>
818,EqbnoViutIsb,80,<class 'str'>
819,uHJiGMkY,91,<class 'str'>
820,rLnjSTXGpXGA,58,<class 'str'>
821,BnHSgjdeWm,64,<class 'str'>
822,FvRwkiymS,85,<class 'str'>
823,qgPJl,80,<class 'str'>
824,sasBkAawCFd,82,<class 'str'>
825,VFhlN,61,<class 'str'>
826,OiDXapl,81,<class 'str'>
827,pzfyRjwR,88,<class 'str'>
828,utclGN,67,<class 'str'>
829,UgiOJzcoqtSb,73,<class 'str'>
830,JnJEogza,61,<class 'str'>
831,nfeGOtZVj,74,<class 'str'>
832,Agovy,82,<class 'str'>
833,DhWSIPY,84,<class 'str'>
834,sYOinmTgLAw,72,<class 'str'>
835,vEsqBKtzONu,68,<class 'str'>
836,jomvDkhAlk,89,<class 'str'>
837,lVLaZHsH,87,<class 'str'>
838,ZHxSTRXFrK,88,<class 'str'>
839,qickearYWOuC,77,<class 'str'>
840,OBCLzeynUzz,79,<class 'str'>
841,peUkcHMHAR,91,<class 'str'>
842,DiljQQ,99,<class 'str'>
843,JUbtVvbiRn,59,<class 'str'>
844,UGTJNsRmx,75,<class 'str'>
845,cRJKVmNA,90,<class 'str'>
846,LoCNzkGrlKV,97,<class 'str'>
847,phCjSF,86,<class 'str'>
848,Vzdnr,77,<class 'str'>
849,iJcqmr,92,<class 'str'>
850,QZIiATDUZfS,94,<class 'str'>
851,ismFm,80,<class 'str'>
852,hDlYU,96,<class 'str'>
853,DEoSjuYDr,89,<class 'str'>
854,oYLWd,90,<class 'str'>
855,ByLDlOELigfe,77,<class 'str'>
856,mpkaBW,95,<class 'str'>
857,gpTkSOdHH,92,<class 'str'>
858,HkIQew,50,<class 'str'>
859,EggcuJ,69,<class 'str'>
860,YuvoDHFxZhw,73,<class 'str'>
861,jMkFEeSp,91,<class 'str'>
862,CWHTIomdV,76,<class 'str'>
863,yNIXHbeAFH,66,<class 'str'>
864,RxXxfCG,69,<class 'str'>
865,AmqMkTI,75,<class 'str'>
866,AXrGuveARAg,79,<class 'str'>
867,VeCWwFcRIft,56,<class 'str'>
868,JtlpdIeJCg,55,<class 'str'>
869,KSsjquwAUm,55,<class 'str'>
870,wUQuzv,63,<class 'str'>
871,hDIbUrhh,78,<class 'str'>
872,rxmKHoUiNkNR,68,<class 'str'>
873,dEkaGtQiYX,63,<class 'str'>
874,QTwKZTYReW,98,<class 'str'>
875,XmsDjqxb,77,<class 'str'>
876,afkkQUbXi,95,<class 'str'>
877,KvWTbisB,69,<class 'str'>
878,sHwwVoKuEIfx,56,<class 'str'>
879,MLmZWWwEYKL,88,<class 'str'>
880,RXtLKYQivkB,54,<class 'str'>
881,GyQpAHgIolw,86,<class 'str'>
882,FfumkNn,82,<class 'str'>
883,drEGWX,97,<class 'str'>
884,YqLpRpx,64,<class 'str'>
885,AnLYHCJeR,77,<class 'str'>
886,lSEhgoHfJ,69,<class 'str'>
887,ujAchb,53,<class 'str'>
888,lkNwW,94,<class 'str'>
889,XyvAZ,59,<class 'str'>
890,LmsRfElv,55,<class 'str'>
891,mhvAt,52,<class 'str'>
892,OJmBjsHW,54,<class 'str'>
893,uryDBg,91,<class 'str'>
894,SWRgpq,78,<class 'str'>
895,jMduOnHNMOmL,50,<class 'str'>
896,JFMkMVXjALA,89,<class 'str'>
897,GHBDhnFxVS,81,<class 'str'>
898,lQCLDJv,54,<class 'str'>
899,tRlVWXfey,95,<class 'str'>
900,roJknxrNXDg,57,<class 'str'>
901,gCvqYNtYY,70,<class 'str'>
902,WWIRnEKW,71,<class 'str'>
903,fVWIpboe,89,<class 'str'>
904,eRXnrjyZCN,66,<class 'str'>
905,wuYbySB,76,<class 'str'>
906,EugkvHt,58,<class 'str'>
907,cTbxPvpDK,89,<class 'str'>
908,uUiXlWveHi,76,<class 'str'>
909,mPeiBBU,100,<class 'str'>
910,nxBRBCq,94,<class 'str'>
911,MkqXA,86,<class 'str'>
912,QNYUoOIU,66,<class 'str'>
913,HVuzMWa,63,<class 'str'>
914,wpulfIcZ,69,<class 'str'>
915,WkdWIQQvxVeD,75,<class 'str'>
916,GhwWt,95,<class 'str'>
917,KsbpCkXSs,96,<class 'str'>
918,LyWLXFPBVIKp,97,<class 'str'>
919,rZVdCfzpW,57,<class 'str'>
920,nOFWrpzCaHUq,68,<class 'str'>
921,cHIeDFuYhU,76,<class 'str'>
922,TnSGqXlSFe,93,<class 'str'>
923,yvRHh,54,<class 'str'>
924,SxCUDgjzULKB,78,<class 'str'>
925,sAJNs,54,<class 'str'>
926,YgQPtHjcO,77,<class 'str'>
927,dNiaegloX,66,<class 'str'>
928,VkNkkLdpXS,96,<class 'str'>
929,pqVZcAeLGgC,60,<class 'str'>
930,rssxbNEeND,81,<class 'str'>
931,cPMYyTSBc,59,<class 'str'>
932,BkQEZEaxQ,93,<class 'str'>
933,kenpYabfJHUM,66,<class 'str'>
934,vLRhiw,88,<class 'str'>
935,hyFddsyh,85,<class 'str'>
936,bTyJa,91,<class 'str'>
937,dSKoEa,63,<class 'str'>
938,CysybkfmyxGj,71,<class 'str'>
939,bJzQKpxbG,62,<class 'str'>
940,LmfqhVV,50,<class 'str'>
941,JWxjAT,68,<class 'str'>
942,NRmmnBdXUPht,65,<class 'str'>
943,fLrsWDd,51,<class 'str'>
944,dqKJhywtVRl,96,<class 'str'>
945,WSbWQbqQnbTC,65,<class 'str'>
946,cBqfcgBpbxA,51,<class 'str'>
947,hFylGId,93,<class 'str'>
948,JxWfWyIj,51,<class 'str'>
949,gkMTwOqtutw,94,<class 'str'>
950,atJkeo,82,<class 'str'>
951,qXuDG,55,<class 'str'>
952,GxxaPpmSDuu,69,<class 'str'>
953,LsGvJ,62,<class 'str'>
954,VegJQZ,85,<class 'str'>
955,pRtnFvdt,75,<class 'str'>
956,gwyquaPaD,52,<class 'str'>
957,MGJDLdAPhOPs,67,<class 'str'>
958,BRsmDROqaAi,70,<class 'str'>
959,JKDtwzTacx,74,<class 'str'>
960,PEOVJEPmC,64,<class 'str'>
961,dPShgTYNJnz,85,<class 'str'>
962,WRTHitm,97,<class 'str'>
963,nWVMzofMx,60,<class 'str'>
964,BATwLJmddyYQ,70,<class 'str'>
965,jeCBrDNvHCH,76,<class 'str'>
966,eUhMIsJGj,96,<class 'str'>
967,PBcqc,63,<class 'str'>
968,ehpkhIYU,73,<class 'str'>
969,giLkxKOoixC,95,<class 'str'>
970,NFyWz,65,<class 'str'>
971,gnQoz,78,<class 'str'>
972,OLtMOIacvAn,72,<class 'str'>
973,LfByMdMl,65,<class 'str'>
974,xCycYpZV,70,<class 'str'>
975,YSCVEt,98,<class 'str'>
976,zTsXJFM,91,<class 'str'>
977,QXcNSFoQafS,81,<class 'str'>
978,TyguBdsvuOj,87,<class 'str'>
979,doFUONTjJYv,82,<class 'str'>
980,SHIifHe,85,<class 'str'>
---,---,---,---
---,---,---,---
Month,number,2,---
number,Single Customer Name,Customer Money,CustomerType
1,mUnzpK,85,<class 'str'>
2,JHwcpgrFMbg,56,<class 'str'>
3,JDjTxP,96,<class 'str'>
4,NAKBNHY,52,<class 'str'>
5,KqzymvyzRm,57,<class 'str'>
6,wfSVDaO,58,<class 'str'>
7,eCBRi,66,<class 'str'>
8,dyzbLZ,65,<class 'str'>
9,eXACQDk,92,<class 'str'>
10,nTJqq,86,<class 'str'>
11,yKPxLenE,72,<class 'str'>
12,ZAQGq,93,<class 'str'>
13,wsdujXn,59,<class 'str'>
14,ycNUHDmGXbU,83,<class 'str'>
15,opwrskaQB,52,<class 'str'>
16,WMFiJI,86,<class 'str'>
17,QvyYP,81,<class 'str'>
18,qxAmXYJOgm,83,<class 'str'>
19,rKlNXHrv,68,<class 'str'>
20,WFtroYp,65,<class 'str'>
21,BVnastGGiF,98,<class 'str'>
22,kIViJa,80,<class 'str'>
23,qrnDmVsRb,50,<class 'str'>
24,tlBRzpn,91,<class 'str'>
25,vRKxbTFiHap,58,<class 'str'>
26,UWODayOgyFQ,80,<class 'str'>
27,IHRzd,55,<class 'str'>
28,ienJfVRP,57,<class 'str'>
29,KYRCpXN,82,<class 'str'>
30,gUKPzXhsI,92,<class 'str'>
31,LgBczHN,96,<class 'str'>
32,edtJk,73,<class 'str'>
33,sgfcrxAe,69,<class 'str'>
34,pEQrbJG,59,<class 'str'>
35,hVfEeuW,78,<class 'str'>
36,mcmkKRev,54,<class 'str'>
37,vZyUGTAiI,56,<class 'str'>
38,IgbPv,77,<class 'str'>
39,ZytBfAwGKZz,88,<class 'str'>
40,zxAuoYbPyJj,85,<class 'str'>
41,XFSGbiPttLD,87,<class 'str'>
42,sCQcfyro,67,<class 'str'>
43,BrtCVJuIJV,90,<class 'str'>
44,GvqiI,79,<class 'str'>
45,aEdwYv,76,<class 'str'>
46,CmjCFJwGJsM,59,<class 'str'>
47,ZjNZsYeoCq,84,<class 'str'>
48,YDMMbUqY,53,<class 'str'>
49,TESrNkUF,60,<class 'str'>
50,RAFjtl,54,<class 'str'>
51,cLQbv,79,<class 'str'>
52,hdzArxq,93,<class 'str'>
53,mIRkz,98,<class 'str'>
54,WzLgJjNqFAWv,76,<class 'str'>
55,DhkTQRlBI,54,<class 'str'>
56,YKlgitGkeOu,52,<class 'str'>
57,TMzDRKJ,90,<class 'str'>
58,DryLttbEj,71,<class 'str'>
59,aisAZ,57,<class 'str'>
60,CwYpzgTZJCEC,74,<class 'str'>
61,UDWVQDxJhWS,57,<class 'str'>
62,RdKBbMlqrbdN,89,<class 'str'>
63,uJzXAOD,56,<class 'str'>
64,JCSuRhjuXMix,78,<class 'str'>
65,XYzcX,96,<class 'str'>
66,KOaRgpFjpmmL,76,<class 'str'>
67,gqPzQiCjqd,68,<class 'str'>
68,RxYdgms,97,<class 'str'>
69,kLtbOA,90,<class 'str'>
70,DLVNBRaRlTL,83,<class 'str'>
71,qehdUQscn,81,<class 'str'>
72,Smlae,68,<class 'str'>
73,uEDngL,73,<class 'str'>
74,deUqYG,53,<class 'str'>
75,ilyuIzePub,55,<class 'str'>
76,bDNLwU,89,<class 'str'>
77,UCkhdxZ,83,<class 'str'>
78,eNNESEH,57,<class 'str'>
79,WxCvNgfKhF,82,<class 'str'>
80,pLbaBg,55,<class 'str'>
81,bvKoxvenkyf,61,<class 'str'>
82,XZPTQ,51,<class 'str'>
83,XJqxGIn,100,<class 'str'>
84,dCWWKMKLY,57,<class 'str'>
85,PGZdWpMD,77,<class 'str'>
86,QioUZQjYLk,82,<class 'str'>
87,WQBYLB,80,<class 'str'>
88,pBWLViftN,70,<class 'str'>
89,GtNmqnj,63,<class 'str'>
90,LtBOY,57,<class 'str'>
91,yMFnGsn,65,<class 'str'>
92,QGUvDwc,74,<class 'str'>
93,PaTWSrvUy,75,<class 'str'>
94,ohWBRJl,94,<class 'str'>
95,ShXQQ,71,<class 'str'>
96,EgxhQe,89,<class 'str'>
97,LpStbNEfHHqI,54,<class 'str'>
98,fqkcQvZAHy,72,<class 'str'>
99,cLhSTYQMS,65,<class 'str'>
100,nbUECekAC,71,<class 'str'>
101,GzdEfmbSeS,76,<class 'str'>
102,mIUtjMNOvdR,66,<class 'str'>
103,wqCjk,91,<class 'str'>
104,NEyYB,86,<class 'str'>
105,UoalJ,76,<class 'str'>
106,PZLkQNMs,61,<class 'str'>
107,SytirldIOv,74,<class 'str'>
108,KjCnErV,63,<class 'str'>
109,QEnrppOqItU,94,<class 'str'>
110,MyshMjl,72,<class 'str'>
111,OfSmz,62,<class 'str'>
112,CmsUWgLni,89,<class 'str'>
113,qYAXH,52,<class 'str'>
114,iTbtkcM,66,<class 'str'>
115,zCnKUDr,64,<class 'str'>
116,vpmyP,99,<class 'str'>
117,IDoIzXqCNjo,78,<class 'str'>
118,NhmMSCpuL,77,<class 'str'>
119,zEOjxbLk,87,<class 'str'>
120,hnmSIDULxc,55,<class 'str'>
121,RoYTfKzLeoyC,93,<class 'str'>
122,zjGdB,55,<class 'str'>
123,BcEQBdBd,63,<class 'str'>
124,nlZWSRtxt,72,<class 'str'>
125,aKORCTCD,73,<class 'str'>
126,EkiqlL,69,<class 'str'>
127,yKRGdeEg,57,<class 'str'>
128,poZkrbMMxkdd,79,<class 'str'>
129,JGgtLShfsou,96,<class 'str'>
130,NKncTA,57,<class 'str'>
131,mglhaTk,87,<class 'str'>
132,huuSd,98,<class 'str'>
133,TKoFuQjoSsm,90,<class 'str'>
134,QJhJfLEhnMU,98,<class 'str'>
135,zyiomIcW,99,<class 'str'>
136,gzbxfSqrMa,62,<class 'str'>
137,OyVHh,98,<class 'str'>
138,rrMkTX,60,<class 'str'>
139,gdIDA,99,<class 'str'>
140,RzAVNSLje,72,<class 'str'>
141,lPlbTImWsvu,86,<class 'str'>
142,qNTCLCmg,82,<class 'str'>
143,CNATEjzgx,78,<class 'str'>
144,IUuiEJ,66,<class 'str'>
145,uBIuWg,82,<class 'str'>
146,FmFNtgmWn,89,<class 'str'>
147,BIgWDsQXNX,83,<class 'str'>
148,neUbIWDPLx,50,<class 'str'>
149,XGyVWheJJ,70,<class 'str'>
150,sPOqVNNesP,78,<class 'str'>
151,eWKksnV,76,<class 'str'>
152,BIDZxyQ,64,<class 'str'>
153,nqTEixmA,91,<class 'str'>
154,RKPAypGnwb,75,<class 'str'>
155,pYSmkwzgDX,69,<class 'str'>
156,SiuAn,58,<class 'str'>
157,BzwJy,95,<class 'str'>
158,JXvsBS,91,<class 'str'>
159,gCLJOiW,62,<class 'str'>
160,LqkaSYzjbGtP,80,<class 'str'>
161,QbunUkUrO,72,<class 'str'>
162,UfwQxH,57,<class 'str'>
163,QliwlpxEgHhe,83,<class 'str'>
164,MMAqnYZFvjt,89,<class 'str'>
165,xFGbMoELkzXy,59,<class 'str'>
166,LMWIzrCwjq,71,<class 'str'>
167,hTbLeytAbXQe,50,<class 'str'>
168,ahxfWTYZh,93,<class 'str'>
169,RRpvoLwJ,59,<class 'str'>
170,bMLdnhx,82,<class 'str'>
171,imWJYGiC,59,<class 'str'>
172,qpnvL,79,<class 'str'>
173,gproONyFBKVT,81,<class 'str'>
174,edFbOtB,96,<class 'str'>
175,hYgNs,81,<class 'str'>
176,xDLwStqbMAXI,71,<class 'str'>
177,FGROsDSc,55,<class 'str'>
178,OxQMvzBkH,58,<class 'str'>
179,gFLZDjIph,73,<class 'str'>
180,joYvTyyLL,93,<class 'str'>
181,bEjKSOEXsXz,91,<class 'str'>
182,jLMzmdpYR,83,<class 'str'>
183,AfGftCgjQk,54,<class 'str'>
184,waSbXEZ,85,<class 'str'>
185,XzoEkswz,91,<class 'str'>
186,Xpunm,66,<class 'str'>
187,zoHFRqwVxv,97,<class 'str'>
188,nZfSatiCA,87,<class 'str'>
189,osjqE,67,<class 'str'>
190,LptzkAply,99,<class 'str'>
191,BWJFHOYWmdT,86,<class 'str'>
192,fSpVeg,71,<class 'str'>
193,VmEBVKPGuxv,50,<class 'str'>
194,ElQxXB,97,<class 'str'>
195,dpkduU,53,<class 'str'>
196,aFnShqVyPK,53,<class 'str'>
197,FxsbTFPO,81,<class 'str'>
198,pRHhHnPw,75,<class 'str'>
199,FgKziimM,71,<class 'str'>
200,DAScCUkgi,58,<class 'str'>
201,AhHhMByC,62,<class 'str'>
202,hXlBEDiZbQ,98,<class 'str'>
203,GKyDsgebj,97,<class 'str'>
204,wjdOCMHtP,86,<class 'str'>
205,sHObYYjweYD,61,<class 'str'>
206,bJXhVXbm,81,<class 'str'>
207,iFLWgh,97,<class 'str'>
208,xDzJNshvwfRA,92,<class 'str'>
209,JRurvVHx,95,<class 'str'>
210,OmmgCHFL,89,<class 'str'>
211,IUaCtu,94,<class 'str'>
212,vDPrB,86,<class 'str'>
213,UcQIqriOv,80,<class 'str'>
214,EuSScxONULMC,63,<class 'str'>
215,FpRkh,92,<class 'str'>
216,Bxvme,97,<class 'str'>
217,jmxzS,98,<class 'str'>
218,eUgNUs,79,<class 'str'>
219,maMhWtiy,79,<class 'str'>
220,yOQKNCoZo,67,<class 'str'>
221,GaLNYM,62,<class 'str'>
222,mPiisIXWyyx,58,<class 'str'>
223,KHFkBBzDvE,66,<class 'str'>
224,afggwrKYGk,94,<class 'str'>
225,FngIInkgNb,83,<class 'str'>
226,SXbPuihZt,72,<class 'str'>
227,mnbpF,95,<class 'str'>
228,RIwUfCe,73,<class 'str'>
229,YIILuEXsihF,93,<class 'str'>
230,NcHAxxbMd,100,<class 'str'>
231,eQgNnYwd,65,<class 'str'>
232,xdUojyYLR,96,<class 'str'>
233,MeOofwwRbsUr,78,<class 'str'>
234,vKqVUNlbEzOx,69,<class 'str'>
235,xFeXYApcnh,55,<class 'str'>
236,NDvwlgsc,97,<class 'str'>
237,zgjfzDA,74,<class 'str'>
238,kMVXYAd,100,<class 'str'>
239,JujCHNmtE,85,<class 'str'>
240,feqqClnpln,64,<class 'str'>
241,NqChncGCQRXi,92,<class 'str'>
242,FVkdyg,96,<class 'str'>
243,GiKjQX,100,<class 'str'>
244,lXeBglztYE,95,<class 'str'>
245,gOCgIAdpTIYi,57,<class 'str'>
246,uOlnK,84,<class 'str'>
247,wHJLPoZxHgt,89,<class 'str'>
248,WKTccZuND,83,<class 'str'>
249,vyHyITXQ,76,<class 'str'>
250,AKflmGZHTo,97,<class 'str'>
251,qbizdXBnxlM,70,<class 'str'>
252,HPAvm,74,<class 'str'>
253,AZlXgJHgA,81,<class 'str'>
254,zBqiF,100,<class 'str'>
255,aWcPEt,91,<class 'str'>
256,aBPtP,56,<class 'str'>
257,oXIFlwbNjQGS,57,<class 'str'>
258,fFIqHewxu,64,<class 'str'>
259,eLvbrLQM,56,<class 'str'>
260,ClxvnK,82,<class 'str'>
261,mbxoGXPf,55,<class 'str'>
262,VgYrXK,98,<class 'str'>
263,hTWpVsDl,69,<class 'str'>
264,NbxLwRRKYO,86,<class 'str'>
265,oMVOGpDs,97,<class 'str'>
266,QDeosQQPwAUN,50,<class 'str'>
267,RLmasAI,84,<class 'str'>
268,tnGWCkkETd,82,<class 'str'>
269,fwpZzfKdLAN,94,<class 'str'>
270,DrHTIkq,82,<class 'str'>
271,wdAyMsNxlK,100,<class 'str'>
272,ldIWsBlwaD,91,<class 'str'>
273,VTSdvZ,53,<class 'str'>
274,YizqSogLnVn,74,<class 'str'>
275,UmHnhAe,65,<class 'str'>
276,cgGKsg,80,<class 'str'>
277,jAkYaCWWj,78,<class 'str'>
278,dxGmPNEYUd,73,<class 'str'>
279,TEaiKCoYpKb,98,<class 'str'>
280,qHWrNkYdDjTY,65,<class 'str'>
281,monEl,100,<class 'str'>
282,AOyUQCnVhD,82,<class 'str'>
283,WyGVJmuOW,83,<class 'str'>
284,pGNpEsxQMWDg,85,<class 'str'>
285,PpNhIxE,57,<class 'str'>
286,zqLrBt,78,<class 'str'>
287,dVdbNoFNQOYa,93,<class 'str'>
288,sYuZqMnSS,90,<class 'str'>
289,vqVZBpbAl,79,<class 'str'>
290,vqdrDwJX,91,<class 'str'>
291,tdDraZsDIzA,75,<class 'str'>
292,OHFxB,79,<class 'str'>
293,UVzPqdzrxc,54,<class 'str'>
294,hzxpPRGAek,60,<class 'str'>
295,KRgsnXRExJv,72,<class 'str'>
296,QcdXobDiGxiZ,97,<class 'str'>
297,XYoZDWk,91,<class 'str'>
298,oLqoxPEnLnK,63,<class 'str'>
299,DaTQSj,73,<class 'str'>
300,zFXaItLQT,98,<class 'str'>
301,rptIiDiivQCT,56,<class 'str'>
302,WZvGA,95,<class 'str'>
303,iNdCZAz,58,<class 'str'>
304,GlQsUkG,66,<class 'str'>
305,bMeylcl,91,<class 'str'>
306,xmWuApMfz,82,<class 'str'>
307,BEzPVUHHXSXR,79,<class 'str'>
308,VDoQZQ,74,<class 'str'>
309,cLRCtE,76,<class 'str'>
310,RDmDlOmuWMe,66,<class 'str'>
311,YXGaJ,54,<class 'str'>
312,fygcvFqgA,74,<class 'str'>
313,YkNkJr,77,<class 'str'>
314,phQklOecGX,65,<class 'str'>
315,xTzkIUgam,51,<class 'str'>
316,QJbQuiEgC,64,<class 'str'>
317,QUwuvkZ,85,<class 'str'>
318,SQkRhU,77,<class 'str'>
319,pKxOISXLpQ,99,<class 'str'>
320,nFbEfgrXdr,92,<class 'str'>
321,FKdJK,99,<class 'str'>
322,NvBPKlQXI,86,<class 'str'>
323,slUulOjPfJJu,55,<class 'str'>
324,czGVUmTYPCgB,63,<class 'str'>
325,gdTrtIRf,89,<class 'str'>
326,egqoGIc,89,<class 'str'>
327,rfQFFjehI,73,<class 'str'>
328,cfNuxpE,80,<class 'str'>
329,MHQbIPxO,72,<class 'str'>
330,vkLDdAMp,84,<class 'str'>
331,nxlGJ,85,<class 'str'>
332,cgvbBwTafffq,64,<class 'str'>
333,ZbAnNT,79,<class 'str'>
334,Zwzaf,50,<class 'str'>
335,cuUCL,50,<class 'str'>
336,umDUG,79,<class 'str'>
337,jidwOJGeWli,78,<class 'str'>
338,qOTHpwhyw,58,<class 'str'>
339,PEMGFoFQeE,55,<class 'str'>
340,qRlwjiMWeM,69,<class 'str'>
341,NnkhqsrqSm,91,<class 'str'>
342,ZtrEG,68,<class 'str'>
343,msQVGSTHuSD,62,<class 'str'>
344,dUDslUWJBC,95,<class 'str'>
345,jhYpwAFaYqy,69,<class 'str'>
346,fHtnIreqR,78,<class 'str'>
347,YnawcVXnfaK,54,<class 'str'>
348,QtSshERK,90,<class 'str'>
349,hJZZAjXkS,64,<class 'str'>
350,GLfSYobpYll,100,<class 'str'>
351,azXVGpTh,62,<class 'str'>
352,TpRuF,67,<class 'str'>
353,KglrBvFyv,51,<class 'str'>
354,VDUxVi,95,<class 'str'>
355,EjUhan,57,<class 'str'>
356,HyMsZQx,72,<class 'str'>
357,AqduOYD,65,<class 'str'>
358,LqzcvMVnsTlF,69,<class 'str'>
359,vhUvK,94,<class 'str'>
360,CkouHaZ,74,<class 'str'>
361,hWaOId,82,<class 'str'>
362,yDwdxEcRh,80,<class 'str'>
363,uTWzoLhzE,65,<class 'str'>
364,dGXBtNmvVh,64,<class 'str'>
365,wPAqQhkHYh,89,<class 'str'>
366,AiqWwtgDOT,76,<class 'str'>
367,RbokjU,90,<class 'str'>
368,jWalRZXbln,62,<class 'str'>
369,sglbqW,90,<class 'str'>
370,iQpNOUevILV,80,<class 'str'>
371,kUVWuChiQzY,91,<class 'str'>
372,lWzAA,80,<class 'str'>
373,tRFYK,58,<class 'str'>
374,ZrAjKYmU,75,<class 'str'>
375,fXFxCh,90,<class 'str'>
376,jkAifruIz,99,<class 'str'>
377,bDOMSpUqbcH,87,<class 'str'>
378,kdAvArOF,52,<class 'str'>
379,KJKAWU,80,<class 'str'>
380,FoHWOmm,78,<class 'str'>
381,wbZQVkekIuUF,68,<class 'str'>
382,nhGUzzKFZ,92,<class 'str'>
383,TMRagQshP,72,<class 'str'>
384,mueFhnJ,76,<class 'str'>
385,AQimI,57,<class 'str'>
386,lVvbnFmsunNQ,92,<class 'str'>
387,bnLhNeijGS,52,<class 'str'>
388,BiUtWbmP,76,<class 'str'>
389,TCRLYR,72,<class 'str'>
390,XtgVGYL,83,<class 'str'>
391,umeOB,58,<class 'str'>
392,EOIdSnIp,69,<class 'str'>
393,lEdXyUfMboWA,55,<class 'str'>
394,RtLohhlAXh,62,<class 'str'>
395,vHQfeRKvpi,93,<class 'str'>
396,ZLlgMxAzvzEM,58,<class 'str'>
397,jUfNIvAMlQ,100,<class 'str'>
398,RHKKpmS,82,<class 'str'>
399,BuBxH,85,<class 'str'>
400,gaXedrzumUVf,72,<class 'str'>
401,YYwNT,82,<class 'str'>
402,vfCPC,92,<class 'str'>
403,jjHuqzI,66,<class 'str'>
404,BPSmMf,69,<class 'str'>
405,MuRuu,58,<class 'str'>
406,XSmnLUZXtW,59,<class 'str'>
407,tIfqDxTup,60,<class 'str'>
408,XVtaYHWnVJi,78,<class 'str'>
409,QIffuNdQxH,96,<class 'str'>
410,TnwWYMN,62,<class 'str'>
411,LBguxD,61,<class 'str'>
412,YuHEHtOt,99,<class 'str'>
413,YjNVoKt,75,<class 'str'>
414,kSSASCZImw,67,<class 'str'>
415,srOgqLQMC,51,<class 'str'>
416,MxZQFM,84,<class 'str'>
417,BHaoxnp,92,<class 'str'>
418,ipBnWcrtimc,58,<class 'str'>
419,OLSeU,97,<class 'str'>
420,mhgWOLGmW,61,<class 'str'>
421,UkWhu,50,<class 'str'>
422,ctxuvGcIZX,97,<class 'str'>
423,zHlMB,50,<class 'str'>
424,wSQHCb,66,<class 'str'>
425,cFlypPL,66,<class 'str'>
426,ICjadSD,55,<class 'str'>
427,RxYiLOy,96,<class 'str'>
428,ormeAkOMZ,67,<class 'str'>
429,nDxXM,87,<class 'str'>
430,NhmFjyXtLJ,73,<class 'str'>
431,gBkBnAfLt,52,<class 'str'>
432,IMwQISqkWwCS,99,<class 'str'>
433,YEtnEiy,56,<class 'str'>
434,EENyXvYK,54,<class 'str'>
435,xmSXCFAwEN,71,<class 'str'>
436,HKhQWZY,72,<class 'str'>
437,JFNRKwDiBMk,91,<class 'str'>
438,DKKAQAsnxaQF,63,<class 'str'>
439,kDLqSvNQd,53,<class 'str'>
440,ScMEB,53,<class 'str'>
441,hqfVZsvjEPkh,96,<class 'str'>
442,UuqgdzgNdVf,84,<class 'str'>
443,BShzPjG,100,<class 'str'>
444,WniRuxS,74,<class 'str'>
445,apUuY,89,<class 'str'>
446,DklfDxMehJQE,76,<class 'str'>
447,vyjwl,78,<class 'str'>
448,QcbLMEsqERX,99,<class 'str'>
449,sGzuWUToGG,52,<class 'str'>
450,DkIBNEEz,79,<class 'str'>
451,UgFhGWbtm,97,<class 'str'>
452,smkjcYXXk,92,<class 'str'>
453,ChCjE,90,<class 'str'>
454,ZkaNq,58,<class 'str'>
455,VQWlmDnj,54,<class 'str'>
456,ZnLFuK,65,<class 'str'>
457,JhTBVdKdX,99,<class 'str'>
458,mCYAjYDICLB,83,<class 'str'>
459,YlHOVmRvtIX,63,<class 'str'>
460,FJdJUCj,62,<class 'str'>
461,oanOkqeH,93,<class 'str'>
462,tOWDuhS,52,<class 'str'>
463,RQPYjHdioZKe,96,<class 'str'>
464,VkHoFjpk,84,<class 'str'>
465,BNDbwTpjtU,54,<class 'str'>
466,WxNLYHNjybb,51,<class 'str'>
467,yQNlbGsU,56,<class 'str'>
468,KpDEC,60,<class 'str'>
469,bCgbiVAtzB,67,<class 'str'>
470,SIxWyvc,59,<class 'str'>
471,MLAnGvy,80,<class 'str'>
472,ZHCacETih,62,<class 'str'>
473,FTFcs,89,<class 'str'>
474,QUCqZh,57,<class 'str'>
475,fTWzg,97,<class 'str'>
476,NMvOsbai,54,<class 'str'>
477,uUTVGKXIAIQ,62,<class 'str'>
478,IoIpCMvddxE,87,<class 'str'>
479,YXKVaNhOR,52,<class 'str'>
480,tbqEiX,65,<class 'str'>
481,ssifeVEnI,75,<class 'str'>
482,pNMEmyGCoplJ,78,<class 'str'>
483,wsVPrZKqb,51,<class 'str'>
484,rYLLVuH,95,<class 'str'>
485,jBIPRGKn,83,<class 'str'>
486,XPjNV,73,<class 'str'>
487,hCTiXX,62,<class 'str'>
488,VADGBH,61,<class 'str'>
489,HLyviyj,60,<class 'str'>
490,iwtkS,63,<class 'str'>
491,LReXsS,74,<class 'str'>
492,MYvKsXFQRGQ,74,<class 'str'>
493,JuVvvTMQFExq,64,<class 'str'>
494,dviuTZgJ,85,<class 'str'>
495,OotXKBTKe,84,<class 'str'>
496,xnbvRoPFpd,100,<class 'str'>
497,NYSEnJArG,58,<class 'str'>
498,UuXQIbTZGIz,86,<class 'str'>
499,sQYvEuoMNY,59,<class 'str'>
500,FexGnAGpJf,83,<class 'str'>
501,DcenKrkhAxu,93,<class 'str'>
502,pbLqfh,54,<class 'str'>
503,EzaPYqdIn,73,<class 'str'>
504,JmFXPyHzY,53,<class 'str'>
505,JiRptydyXIj,68,<class 'str'>
506,fozdHLot,88,<class 'str'>
507,pJJDBIMQnOlU,100,<class 'str'>
508,LRKLdRj,80,<class 'str'>
509,sSKIkB,89,<class 'str'>
510,IbiZAXy,57,<class 'str'>
511,GoGGH,96,<class 'str'>
512,ABAexJGkR,58,<class 'str'>
513,QOymQT,51,<class 'str'>
514,CKcoC,60,<class 'str'>
515,UcZhD,83,<class 'str'>
516,PZNeZt,81,<class 'str'>
517,vnDULv,87,<class 'str'>
518,rgJnTGytwxVN,94,<class 'str'>
519,FJUMLHxyB,90,<class 'str'>
520,lueBYwqS,83,<class 'str'>
521,SOUdWKGev,86,<class 'str'>
522,VrFzlC,70,<class 'str'>
523,HulIvDXra,79,<class 'str'>
524,qgazNOliiQB,88,<class 'str'>
525,zYIhUJdTsQ,85,<class 'str'>
526,leIglK,79,<class 'str'>
527,aVPHuBlIbZNx,59,<class 'str'>
528,YLBdLXj,70,<class 'str'>
529,cDRKoUUuW,50,<class 'str'>
530,wJfjo,99,<class 'str'>
531,ccgPMj,67,<class 'str'>
532,ejqjxUDuvijm,77,<class 'str'>
533,HZpRYAAxCuy,73,<class 'str'>
534,JfVnJsJskYv,75,<class 'str'>
535,tdsrcD,58,<class 'str'>
536,IWNMbDLmNgW,86,<class 'str'>
537,IAZYO,94,<class 'str'>
538,JLQkndDPnmth,64,<class 'str'>
539,qJpBEMxwhzJ,75,<class 'str'>
540,ftrVePPzF,94,<class 'str'>
541,zFVHUf,94,<class 'str'>
542,ztzEynbacKZs,99,<class 'str'>
543,vDnPvIIh,54,<class 'str'>
544,zblhY,77,<class 'str'>
545,AtLQgynnjT,58,<class 'str'>
546,cIcBR,96,<class 'str'>
547,HnLgdDg,95,<class 'str'>
548,sijyIqGPujt,89,<class 'str'>
549,dFAeXWiQ,75,<class 'str'>
550,ymFrnSkfVJuy,78,<class 'str'>
551,rLrIG,93,<class 'str'>
552,rjHXytwH,63,<class 'str'>
553,tusyYgODwPCZ,57,<class 'str'>
554,ZZVdYnfp,65,<class 'str'>
555,SJNOqYx,98,<class 'str'>
556,WWOETvhLffs,91,<class 'str'>
557,TZAAwjTUI,70,<class 'str'>
558,EMIZPaBKx,58,<class 'str'>
559,SchBpkgeo,55,<class 'str'>
560,DDTJQpXCUSZ,54,<class 'str'>
561,SqDrTrwKMMLf,63,<class 'str'>
562,IHEIExpocZ,88,<class 'str'>
563,tlwZKhRIhuW,92,<class 'str'>
564,OProBEitjM,55,<class 'str'>
565,yvcAmRfHXL,76,<class 'str'>
566,JXgTrdb,53,<class 'str'>
567,GzUCVhWIBWNp,99,<class 'str'>
568,dsbDsoWRq,55,<class 'str'>
569,hperGHRnes,73,<class 'str'>
570,cOyazEVYePna,89,<class 'str'>
571,hJHdf,79,<class 'str'>
572,trbroumKgF,77,<class 'str'>
573,oIHcvPVfd,59,<class 'str'>
574,ThjCOsH,72,<class 'str'>
575,cbzBFeAWGHR,70,<class 'str'>
576,zYGuhbImrCJe,82,<class 'str'>
577,ImdnnOocwjEm,60,<class 'str'>
578,QUQuzXzecLf,85,<class 'str'>
579,OQctqPrticq,74,<class 'str'>
580,NwvaWYWT,52,<class 'str'>
581,qTaEG,63,<class 'str'>
582,kLmuh,99,<class 'str'>
583,iJjKMnjBlfZ,89,<class 'str'>
584,bPbTWcbB,91,<class 'str'>
585,YVtkU,58,<class 'str'>
586,OTACih,90,<class 'str'>
587,XUQoV,97,<class 'str'>
588,xmUeP,63,<class 'str'>
589,QLoLSqT,73,<class 'str'>
590,RsjPsN,95,<class 'str'>
591,tjDlmK,91,<class 'str'>
592,HZbxvtmWew,56,<class 'str'>
593,zEkzsixGZK,63,<class 'str'>
594,IezzeurwlXm,94,<class 'str'>
595,syPobLFvTycE,94,<class 'str'>
596,SawDyyATmWkS,80,<class 'str'>
597,aVCTxewkDO,80,<class 'str'>
598,ovZYVnSKgB,77,<class 'str'>
599,DPcwkdTIO,83,<class 'str'>
600,bTLAJgCG,61,<class 'str'>
601,kDiZtcTRer,97,<class 'str'>
602,zXJtfXcJ,93,<class 'str'>
603,GWGwe,80,<class 'str'>
604,yRYkTPpIL,76,<class 'str'>
605,uYoIcDTcjA,84,<class 'str'>
606,dzhAHkoHgiW,53,<class 'str'>
607,FIdlEvLLI,59,<class 'str'>
608,bAWtIt,96,<class 'str'>
609,oaylsUKTYMit,90,<class 'str'>
610,GnTpdW,62,<class 'str'>
611,ebVJbsXqC,76,<class 'str'>
612,QtKtd,59,<class 'str'>
613,csTYuHTd,97,<class 'str'>
614,NYfApUe,86,<class 'str'>
615,CIsHuX,92,<class 'str'>
616,cNMphUFm,78,<class 'str'>
617,KiHplrIhbzVU,52,<class 'str'>
618,UrfJmYAdfsmw,97,<class 'str'>
619,LGUOopOnNo,80,<class 'str'>
620,bJzvcoUwn,59,<class 'str'>
621,LRFYhINNMz,83,<class 'str'>
622,UhFlmZ,96,<class 'str'>
623,fENIbgGKla,89,<class 'str'>
624,TDWbu,66,<class 'str'>
625,oLetDNLhEFZ,82,<class 'str'>
626,XKdRXzFGwjnz,84,<class 'str'>
627,nOXYGqB,95,<class 'str'>
628,lYBzsJ,77,<class 'str'>
629,ABmnIclk,80,<class 'str'>
630,xycAaGkmXBd,68,<class 'str'>
631,uIVnHWL,88,<class 'str'>
632,JpJrvNpdjIgZ,88,<class 'str'>
633,lzRHCobY,59,<class 'str'>
634,aOoyVdpqvL,99,<class 'str'>
635,YDIYyIr,55,<class 'str'>
636,UPNiLVBLT,57,<class 'str'>
637,XEcJQA,81,<class 'str'>
638,UsdQcDMexo,60,<class 'str'>
639,zkYMzAIyfBiw,99,<class 'str'>
640,rYxQifV,62,<class 'str'>
641,uZFICxzy,79,<class 'str'>
642,dSLPLhXaPx,58,<class 'str'>
643,tWXxgJR,75,<class 'str'>
644,opeRaq,82,<class 'str'>
645,OwhXystV,66,<class 'str'>
646,WvXCDlhDLqn,73,<class 'str'>
647,hakBllaDXEV,83,<class 'str'>
648,ZYOmicAETmNQ,94,<class 'str'>
649,VyEPxoPRNoHk,90,<class 'str'>
650,QyAepyMm,85,<class 'str'>
651,PFNJLHQ,65,<class 'str'>
652,tZrgCMX,65,<class 'str'>
653,fnKTqzIq,71,<class 'str'>
654,PuIhrFFX,54,<class 'str'>
655,wWcNYCArLgK,95,<class 'str'>
656,Ndhbro,93,<class 'str'>
657,DPbqNxsdi,100,<class 'str'>
658,sTgtSZNsCz,52,<class 'str'>
659,YfuuZos,51,<class 'str'>
660,CZCoctKSGj,66,<class 'str'>
661,YFVZXOMvbGY,97,<class 'str'>
662,RsVDnDn,57,<class 'str'>
663,MnrJRlQ,74,<class 'str'>
664,gMyxoqLHEMt,53,<class 'str'>
665,mnRVsmwpVh,62,<class 'str'>
666,QMrKe,96,<class 'str'>
667,EwJfEBqlLxh,64,<class 'str'>
668,KUrEKD,64,<class 'str'>
669,lxpqPKdyF,57,<class 'str'>
670,PGphZp,63,<class 'str'>
671,cERDTbO,82,<class 'str'>
672,FmUpoA,92,<class 'str'>
673,xnvaKq,81,<class 'str'>
674,WwfjpbFgTE,82,<class 'str'>
675,qNHQXP,50,<class 'str'>
676,jGzvRglTtXqY,90,<class 'str'>
677,yHjCYBGRd,73,<class 'str'>
678,RWNwaokbaEiY,57,<class 'str'>
679,wxVPTAN,71,<class 'str'>
680,tCEcYUgAHejw,94,<class 'str'>
681,eYwMusVMayan,58,<class 'str'>
682,eCBbhJwN,65,<class 'str'>
683,auRUVE,53,<class 'str'>
684,ryhuv,97,<class 'str'>
685,CBvTBX,92,<class 'str'>
686,KCWabvTKDxbE,90,<class 'str'>
687,lhfPtEjfT,52,<class 'str'>
688,rtXsl,74,<class 'str'>
689,nVlyPenfJ,73,<class 'str'>
690,dFhMzE,92,<class 'str'>
691,npbtQxfJbO,63,<class 'str'>
692,hKuRxvAXwjqY,58,<class 'str'>
693,MMXbgZCmgk,58,<class 'str'>
694,tlLiNhZXw,92,<class 'str'>
695,klEcu,74,<class 'str'>
696,TyRUQ,98,<class 'str'>
697,NmifRpVOZs,82,<class 'str'>
698,PfgOhbwAcTL,86,<class 'str'>
699,zMtxHYGx,72,<class 'str'>
700,mtSDvNO,82,<class 'str'>
701,GqKOXopKuKvz,73,<class 'str'>
702,vJsUwi,60,<class 'str'>
703,vvKClyPZNR,51,<class 'str'>
704,TjWPUWjOSW,53,<class 'str'>
705,FjvIoRGw,96,<class 'str'>
706,RtobOnRHmd,59,<class 'str'>
707,FYKPje,50,<class 'str'>
708,ECBHGkWICXr,69,<class 'str'>
709,qUGEAPglYI,59,<class 'str'>
710,gnIGFtwsPwnf,72,<class 'str'>
711,yyIpc,55,<class 'str'>
712,PUPwGumz,64,<class 'str'>
713,NtNdLeZir,63,<class 'str'>
714,bnQvyLHEBnb,96,<class 'str'>
715,dLOFP,100,<class 'str'>
716,HLvtIzqDod,58,<class 'str'>
717,SsMwiAQZza,88,<class 'str'>
718,CzkCPWyg,53,<class 'str'>
719,fSTAwkVEvYX,84,<class 'str'>
720,hLYYEqQCXh,61,<class 'str'>
721,cveJt,51,<class 'str'>
722,QvSnktVt,77,<class 'str'>
723,Xtbiwvyrh,75,<class 'str'>
724,rVQgmlO,92,<class 'str'>
725,IRFOCv,61,<class 'str'>
726,cqMEiRBU,65,<class 'str'>
727,uKUCRywhJ,74,<class 'str'>
728,pPBqbIE,60,<class 'str'>
729,uHToCsf,81,<class 'str'>
730,ZtIPrFay,94,<class 'str'>
731,jXiMET,54,<class 'str'>
732,plIlai,56,<class 'str'>
733,PMvEh,73,<class 'str'>
734,eNMkURuHU,82,<class 'str'>
735,DbVGmKl,95,<class 'str'>
736,FKXhDXOp,58,<class 'str'>
737,HquwHguQVz,93,<class 'str'>
738,tyIWcEkTB,68,<class 'str'>
739,iLUpUVxAWL,89,<class 'str'>
740,UQHahg,100,<class 'str'>
741,FHwsfWEsrI,56,<class 'str'>
742,bWOTBoLq,70,<class 'str'>
743,WrRqtGKEeZ,95,<class 'str'>
744,ceiREBuAsNRl,95,<class 'str'>
745,kSVJRhRIlja,69,<class 'str'>
746,MqmEffNi,51,<class 'str'>
747,wQbrf,88,<class 'str'>
748,pgbTtlAMlDQv,58,<class 'str'>
749,navNNkbtZOF,99,<class 'str'>
750,vVQkhbTRR,67,<class 'str'>
751,oKDijVU,98,<class 'str'>
752,HLSzWqcJQF,90,<class 'str'>
753,zBxeGKmNnS,99,<class 'str'>
754,vagDyigkCHEO,100,<class 'str'>
755,FmdbYSpxQbC,65,<class 'str'>
756,BmWZGIHgGGj,56,<class 'str'>
757,mcTqszI,57,<class 'str'>
758,vLbGRG,99,<class 'str'>
759,OFyLLl,53,<class 'str'>
760,DqCMuXEZ,81,<class 'str'>
761,aMAkiCe,54,<class 'str'>
762,egoGXMcijFZd,58,<class 'str'>
763,kQWwWl,79,<class 'str'>
764,yFWioFPZx,63,<class 'str'>
765,BZDoD,50,<class 'str'>
766,KTgkfRmDcJ,83,<class 'str'>
767,GcTufjjFlsG,88,<class 'str'>
768,LIFHbOuSNx,86,<class 'str'>
769,nrooctClY,79,<class 'str'>
770,dwjqElYRFLQ,66,<class 'str'>
771,KMoFMFxB,52,<class 'str'>
772,CbZwQVNT,81,<class 'str'>
773,xKUJj,100,<class 'str'>
774,xMOxcUy,76,<class 'str'>
775,JbvGALCxPAl,66,<class 'str'>
776,ZzsnGNbHb,60,<class 'str'>
777,DrWByoomMXR,71,<class 'str'>
778,MXVQa,97,<class 'str'>
779,iiewY,78,<class 'str'>
780,eIyVqbNeFuq,56,<class 'str'>
781,wpisSyKzK,85,<class 'str'>
782,rtRYSJCzBBb,73,<class 'str'>
783,sLukNuxCiD,56,<class 'str'>
784,wzwfJwmL,69,<class 'str'>
785,qKkZxiVF,51,<class 'str'>
786,wJXnstaWI,63,<class 'str'>
787,LhFOOCqX,64,<class 'str'>
788,ZtnuKjXIX,51,<class 'str'>
789,hZdyKGgZIJjH,88,<class 'str'>
790,GKQXyZIeYol,67,<class 'str'>
791,GgNggmgcjgS,83,<class 'str'>
792,fbHgp,76,<class 'str'>
793,QVDgzmmC,79,<class 'str'>
794,ulDgaysxNAXF,94,<class 'str'>
795,BLncEYyHuA,58,<class 'str'>
796,gGJyCGKSvKu,68,<class 'str'>
797,NoHklqUSF,88,<class 'str'>
798,XsFZG,81,<class 'str'>
799,QzlmtipDG,88,<class 'str'>
800,OZcOBv,55,<class 'str'>
801,xTywnQ,91,<class 'str'>
802,mQsxeJKzsy,88,<class 'str'>
803,HkPLBjqxkv,69,<class 'str'>
804,MTsnPZ,67,<class 'str'>
805,umXMiRdH,85,<class 'str'>
806,BzfRunEA,98,<class 'str'>
807,aVjCJ,64,<class 'str'>
808,ujwPbYZrmw,100,<class 'str'>
809,GIqxmYa,86,<class 'str'>
810,suLBHafOPr,72,<class 'str'>
811,lJrpJ,73,<class 'str'>
812,qUJRrGCEiB,83,<class 'str'>
813,CyoBqTokoa,63,<class 'str'>
814,OtZkxN,74,<class 'str'>
815,VxJYBy,83,<class 'str'>
816,FPIWAAHBa,88,<class 'str'>
817,wXeWlyqHB,81,<class 'str'>
818,EqbnoViutIsb,71,<class 'str'>
819,uHJiGMkY,56,<class 'str'>
820,rLnjSTXGpXGA,50,<class 'str'>
821,BnHSgjdeWm,65,<class 'str'>
822,FvRwkiymS,73,<class 'str'>
823,qgPJl,80,<class 'str'>
824,sasBkAawCFd,58,<class 'str'>
825,VFhlN,90,<class 'str'>
826,OiDXapl,92,<class 'str'>
827,pzfyRjwR,81,<class 'str'>
828,utclGN,95,<class 'str'>
829,UgiOJzcoqtSb,93,<class 'str'>
830,JnJEogza,59,<class 'str'>
831,nfeGOtZVj,65,<class 'str'>
832,Agovy,57,<class 'str'>
833,DhWSIPY,88,<class 'str'>
834,sYOinmTgLAw,88,<class 'str'>
835,vEsqBKtzONu,61,<class 'str'>
836,jomvDkhAlk,57,<class 'str'>
837,lVLaZHsH,86,<class 'str'>
838,ZHxSTRXFrK,70,<class 'str'>
839,qickearYWOuC,71,<class 'str'>
840,OBCLzeynUzz,64,<class 'str'>
841,peUkcHMHAR,77,<class 'str'>
842,DiljQQ,53,<class 'str'>
843,JUbtVvbiRn,85,<class 'str'>
844,UGTJNsRmx,100,<class 'str'>
845,cRJKVmNA,53,<class 'str'>
846,LoCNzkGrlKV,94,<class 'str'>
847,phCjSF,77,<class 'str'>
848,Vzdnr,54,<class 'str'>
849,iJcqmr,76,<class 'str'>
850,QZIiATDUZfS,91,<class 'str'>
851,ismFm,88,<class 'str'>
852,hDlYU,92,<class 'str'>
853,DEoSjuYDr,58,<class 'str'>
854,oYLWd,68,<class 'str'>
855,ByLDlOELigfe,71,<class 'str'>
856,mpkaBW,99,<class 'str'>
857,gpTkSOdHH,83,<class 'str'>
858,HkIQew,95,<class 'str'>
859,EggcuJ,99,<class 'str'>
860,YuvoDHFxZhw,81,<class 'str'>
861,jMkFEeSp,79,<class 'str'>
862,CWHTIomdV,58,<class 'str'>
863,yNIXHbeAFH,73,<class 'str'>
864,RxXxfCG,96,<class 'str'>
865,AmqMkTI,69,<class 'str'>
866,AXrGuveARAg,72,<class 'str'>
867,VeCWwFcRIft,71,<class 'str'>
868,JtlpdIeJCg,75,<class 'str'>
869,KSsjquwAUm,50,<class 'str'>
870,wUQuzv,74,<class 'str'>
871,hDIbUrhh,85,<class 'str'>
872,rxmKHoUiNkNR,75,<class 'str'>
873,dEkaGtQiYX,52,<class 'str'>
874,QTwKZTYReW,91,<class 'str'>
875,XmsDjqxb,84,<class 'str'>
876,afkkQUbXi,57,<class 'str'>
877,KvWTbisB,70,<class 'str'>
878,sHwwVoKuEIfx,84,<class 'str'>
879,MLmZWWwEYKL,92,<class 'str'>
880,RXtLKYQivkB,60,<class 'str'>
881,GyQpAHgIolw,63,<class 'str'>
882,FfumkNn,76,<class 'str'>
883,drEGWX,82,<class 'str'>
884,YqLpRpx,76,<class 'str'>
885,AnLYHCJeR,71,<class 'str'>
886,lSEhgoHfJ,69,<class 'str'>
887,ujAchb,72,<class 'str'>
888,lkNwW,82,<class 'str'>
889,XyvAZ,69,<class 'str'>
890,LmsRfElv,62,<class 'str'>
891,mhvAt,88,<class 'str'>
892,OJmBjsHW,76,<class 'str'>
893,uryDBg,84,<class 'str'>
894,SWRgpq,78,<class 'str'>
895,jMduOnHNMOmL,93,<class 'str'>
896,JFMkMVXjALA,86,<class 'str'>
897,GHBDhnFxVS,72,<class 'str'>
898,lQCLDJv,54,<class 'str'>
899,tRlVWXfey,88,<class 'str'>
900,roJknxrNXDg,91,<class 'str'>
901,gCvqYNtYY,73,<class 'str'>
902,WWIRnEKW,74,<class 'str'>
903,fVWIpboe,91,<class 'str'>
904,eRXnrjyZCN,67,<class 'str'>
905,wuYbySB,60,<class 'str'>
906,EugkvHt,57,<class 'str'>
907,cTbxPvpDK,68,<class 'str'>
908,uUiXlWveHi,54,<class 'str'>
909,mPeiBBU,52,<class 'str'>
910,nxBRBCq,62,<class 'str'>
911,MkqXA,84,<class 'str'>
912,QNYUoOIU,65,<class 'str'>
913,HVuzMWa,63,<class 'str'>
914,wpulfIcZ,86,<class 'str'>
915,WkdWIQQvxVeD,51,<class 'str'>
916,GhwWt,93,<class 'str'>
917,KsbpCkXSs,63,<class 'str'>
918,LyWLXFPBVIKp,52,<class 'str'>
919,rZVdCfzpW,90,<class 'str'>
920,nOFWrpzCaHUq,97,<class 'str'>
921,cHIeDFuYhU,56,<class 'str'>
922,TnSGqXlSFe,67,<class 'str'>
923,yvRHh,75,<class 'str'>
924,SxCUDgjzULKB,73,<class 'str'>
925,sAJNs,54,<class 'str'>
926,YgQPtHjcO,75,<class 'str'>
927,dNiaegloX,71,<class 'str'>
928,VkNkkLdpXS,51,<class 'str'>
929,pqVZcAeLGgC,60,<class 'str'>
930,rssxbNEeND,78,<class 'str'>
931,cPMYyTSBc,98,<class 'str'>
932,BkQEZEaxQ,80,<class 'str'>
933,kenpYabfJHUM,59,<class 'str'>
934,vLRhiw,74,<class 'str'>
935,hyFddsyh,98,<class 'str'>
936,bTyJa,94,<class 'str'>
937,dSKoEa,94,<class 'str'>
938,CysybkfmyxGj,68,<class 'str'>
939,bJzQKpxbG,62,<class 'str'>
940,LmfqhVV,59,<class 'str'>
941,JWxjAT,52,<class 'str'>
942,NRmmnBdXUPht,93,<class 'str'>
943,fLrsWDd,58,<class 'str'>
944,dqKJhywtVRl,95,<class 'str'>
945,WSbWQbqQnbTC,59,<class 'str'>
946,cBqfcgBpbxA,84,<class 'str'>
947,hFylGId,68,<class 'str'>
948,JxWfWyIj,97,<class 'str'>
949,gkMTwOqtutw,61,<class 'str'>
950,atJkeo,85,<class 'str'>
951,qXuDG,50,<class 'str'>
952,GxxaPpmSDuu,86,<class 'str'>
953,LsGvJ,97,<class 'str'>
954,VegJQZ,70,<class 'str'>
955,pRtnFvdt,52,<class 'str'>
956,gwyquaPaD,81,<class 'str'>
957,MGJDLdAPhOPs,97,<class 'str'>
958,BRsmDROqaAi,100,<class 'str'>
959,JKDtwzTacx,85,<class 'str'>
960,PEOVJEPmC,92,<class 'str'>
961,dPShgTYNJnz,63,<class 'str'>
962,WRTHitm,90,<class 'str'>
963,nWVMzofMx,98,<class 'str'>
964,BATwLJmddyYQ,59,<class 'str'>
965,jeCBrDNvHCH,82,<class 'str'>
966,eUhMIsJGj,58,<class 'str'>
967,PBcqc,74,<class 'str'>
968,ehpkhIYU,82,<class 'str'>
969,giLkxKOoixC,70,<class 'str'>
970,NFyWz,51,<class 'str'>
971,gnQoz,60,<class 'str'>
972,OLtMOIacvAn,65,<class 'str'>
973,LfByMdMl,92,<class 'str'>
974,xCycYpZV,61,<class 'str'>
975,YSCVEt,92,<class 'str'>
976,zTsXJFM,91,<class 'str'>
977,QXcNSFoQafS,85,<class 'str'>
978,TyguBdsvuOj,52,<class 'str'>
979,doFUONTjJYv,88,<class 'str'>
980,SHIifHe,75,<class 'str'>
---,---,---,---
---,---,---,---
Month,number,3,---
number,Single Customer Name,Customer Money,CustomerType
1,mUnzpK,98,<class 'str'>
2,JHwcpgrFMbg,62,<class 'str'>
3,JDjTxP,56,<class 'str'>
4,NAKBNHY,51,<class 'str'>
5,KqzymvyzRm,92,<class 'str'>
6,wfSVDaO,59,<class 'str'>
7,eCBRi,50,<class 'str'>
8,dyzbLZ,82,<class 'str'>
9,eXACQDk,75,<class 'str'>
10,nTJqq,70,<class 'str'>
11,yKPxLenE,78,<class 'str'>
12,ZAQGq,56,<class 'str'>
13,wsdujXn,94,<class 'str'>
14,ycNUHDmGXbU,57,<class 'str'>
15,opwrskaQB,76,<class 'str'>
16,WMFiJI,52,<class 'str'>
17,QvyYP,60,<class 'str'>
18,qxAmXYJOgm,90,<class 'str'>
19,rKlNXHrv,52,<class 'str'>
20,WFtroYp,72,<class 'str'>
21,BVnastGGiF,72,<class 'str'>
22,kIViJa,92,<class 'str'>
23,qrnDmVsRb,89,<class 'str'>
24,tlBRzpn,98,<class 'str'>
25,vRKxbTFiHap,100,<class 'str'>
26,UWODayOgyFQ,92,<class 'str'>
27,IHRzd,50,<class 'str'>
28,ienJfVRP,61,<class 'str'>
29,KYRCpXN,97,<class 'str'>
30,gUKPzXhsI,93,<class 'str'>
31,LgBczHN,60,<class 'str'>
32,edtJk,67,<class 'str'>
33,sgfcrxAe,72,<class 'str'>
34,pEQrbJG,92,<class 'str'>
35,hVfEeuW,81,<class 'str'>
36,mcmkKRev,99,<class 'str'>
37,vZyUGTAiI,88,<class 'str'>
38,IgbPv,82,<class 'str'>
39,ZytBfAwGKZz,51,<class 'str'>
40,zxAuoYbPyJj,68,<class 'str'>
41,XFSGbiPttLD,84,<class 'str'>
42,sCQcfyro,78,<class 'str'>
43,BrtCVJuIJV,75,<class 'str'>
44,GvqiI,59,<class 'str'>
45,aEdwYv,66,<class 'str'>
46,CmjCFJwGJsM,95,<class 'str'>
47,ZjNZsYeoCq,88,<class 'str'>
48,YDMMbUqY,60,<class 'str'>
49,TESrNkUF,75,<class 'str'>
50,RAFjtl,95,<class 'str'>
51,cLQbv,100,<class 'str'>
52,hdzArxq,95,<class 'str'>
53,mIRkz,92,<class 'str'>
54,WzLgJjNqFAWv,58,<class 'str'>
55,DhkTQRlBI,61,<class 'str'>
56,YKlgitGkeOu,51,<class 'str'>
57,TMzDRKJ,87,<class 'str'>
58,DryLttbEj,57,<class 'str'>
59,aisAZ,86,<class 'str'>
60,CwYpzgTZJCEC,73,<class 'str'>
61,UDWVQDxJhWS,80,<class 'str'>
62,RdKBbMlqrbdN,66,<class 'str'>
63,uJzXAOD,67,<class 'str'>
64,JCSuRhjuXMix,97,<class 'str'>
65,XYzcX,64,<class 'str'>
66,KOaRgpFjpmmL,74,<class 'str'>
67,gqPzQiCjqd,59,<class 'str'>
68,RxYdgms,66,<class 'str'>
69,kLtbOA,99,<class 'str'>
70,DLVNBRaRlTL,64,<class 'str'>
71,qehdUQscn,81,<class 'str'>
72,Smlae,81,<class 'str'>
73,uEDngL,72,<class 'str'>
74,deUqYG,60,<class 'str'>
75,ilyuIzePub,65,<class 'str'>
76,bDNLwU,96,<class 'str'>
77,UCkhdxZ,72,<class 'str'>
78,eNNESEH,85,<class 'str'>
79,WxCvNgfKhF,90,<class 'str'>
80,pLbaBg,77,<class 'str'>
81,bvKoxvenkyf,86,<class 'str'>
82,XZPTQ,85,<class 'str'>
83,XJqxGIn,56,<class 'str'>
84,dCWWKMKLY,87,<class 'str'>
85,PGZdWpMD,84,<class 'str'>
86,QioUZQjYLk,81,<class 'str'>
87,WQBYLB,95,<class 'str'>
88,pBWLViftN,93,<class 'str'>
89,GtNmqnj,79,<class 'str'>
90,LtBOY,73,<class 'str'>
91,yMFnGsn,64,<class 'str'>
92,QGUvDwc,66,<class 'str'>
93,PaTWSrvUy,93,<class 'str'>
94,ohWBRJl,74,<class 'str'>
95,ShXQQ,95,<class 'str'>
96,EgxhQe,56,<class 'str'>
97,LpStbNEfHHqI,64,<class 'str'>
98,fqkcQvZAHy,74,<class 'str'>
99,cLhSTYQMS,75,<class 'str'>
100,nbUECekAC,84,<class 'str'>
101,GzdEfmbSeS,67,<class 'str'>
102,mIUtjMNOvdR,77,<class 'str'>
103,wqCjk,89,<class 'str'>
104,NEyYB,97,<class 'str'>
105,UoalJ,92,<class 'str'>
106,PZLkQNMs,79,<class 'str'>
107,SytirldIOv,75,<class 'str'>
108,KjCnErV,60,<class 'str'>
109,QEnrppOqItU,98,<class 'str'>
110,MyshMjl,88,<class 'str'>
111,OfSmz,100,<class 'str'>
112,CmsUWgLni,89,<class 'str'>
113,qYAXH,85,<class 'str'>
114,iTbtkcM,87,<class 'str'>
115,zCnKUDr,71,<class 'str'>
116,vpmyP,92,<class 'str'>
117,IDoIzXqCNjo,90,<class 'str'>
118,NhmMSCpuL,83,<class 'str'>
119,zEOjxbLk,67,<class 'str'>
120,hnmSIDULxc,99,<class 'str'>
121,RoYTfKzLeoyC,61,<class 'str'>
122,zjGdB,73,<class 'str'>
123,BcEQBdBd,91,<class 'str'>
124,nlZWSRtxt,60,<class 'str'>
125,aKORCTCD,68,<class 'str'>
126,EkiqlL,100,<class 'str'>
127,yKRGdeEg,92,<class 'str'>
128,poZkrbMMxkdd,83,<class 'str'>
129,JGgtLShfsou,91,<class 'str'>
130,NKncTA,70,<class 'str'>
131,mglhaTk,52,<class 'str'>
132,huuSd,76,<class 'str'>
133,TKoFuQjoSsm,69,<class 'str'>
134,QJhJfLEhnMU,65,<class 'str'>
135,zyiomIcW,63,<class 'str'>
136,gzbxfSqrMa,76,<class 'str'>
137,OyVHh,63,<class 'str'>
138,rrMkTX,64,<class 'str'>
139,gdIDA,73,<class 'str'>
140,RzAVNSLje,60,<class 'str'>
141,lPlbTImWsvu,62,<class 'str'>
142,qNTCLCmg,58,<class 'str'>
143,CNATEjzgx,54,<class 'str'>
144,IUuiEJ,54,<class 'str'>
145,uBIuWg,94,<class 'str'>
146,FmFNtgmWn,66,<class 'str'>
147,BIgWDsQXNX,91,<class 'str'>
148,neUbIWDPLx,72,<class 'str'>
149,XGyVWheJJ,91,<class 'str'>
150,sPOqVNNesP,59,<class 'str'>
151,eWKksnV,59,<class 'str'>
152,BIDZxyQ,94,<class 'str'>
153,nqTEixmA,83,<class 'str'>
154,RKPAypGnwb,95,<class 'str'>
155,pYSmkwzgDX,72,<class 'str'>
156,SiuAn,90,<class 'str'>
157,BzwJy,53,<class 'str'>
158,JXvsBS,97,<class 'str'>
159,gCLJOiW,68,<class 'str'>
160,LqkaSYzjbGtP,84,<class 'str'>
161,QbunUkUrO,60,<class 'str'>
162,UfwQxH,56,<class 'str'>
163,QliwlpxEgHhe,75,<class 'str'>
164,MMAqnYZFvjt,56,<class 'str'>
165,xFGbMoELkzXy,79,<class 'str'>
166,LMWIzrCwjq,99,<class 'str'>
167,hTbLeytAbXQe,60,<class 'str'>
168,ahxfWTYZh,54,<class 'str'>
169,RRpvoLwJ,60,<class 'str'>
170,bMLdnhx,58,<class 'str'>
171,imWJYGiC,83,<class 'str'>
172,qpnvL,97,<class 'str'>
173,gproONyFBKVT,76,<class 'str'>
174,edFbOtB,98,<class 'str'>
175,hYgNs,74,<class 'str'>
176,xDLwStqbMAXI,58,<class 'str'>
177,FGROsDSc,70,<class 'str'>
178,OxQMvzBkH,98,<class 'str'>
179,gFLZDjIph,53,<class 'str'>
180,joYvTyyLL,98,<class 'str'>
181,bEjKSOEXsXz,96,<class 'str'>
182,jLMzmdpYR,79,<class 'str'>
183,AfGftCgjQk,92,<class 'str'>
184,waSbXEZ,96,<class 'str'>
185,XzoEkswz,79,<class 'str'>
186,Xpunm,93,<class 'str'>
187,zoHFRqwVxv,75,<class 'str'>
188,nZfSatiCA,56,<class 'str'>
189,osjqE,74,<class 'str'>
190,LptzkAply,76,<class 'str'>
191,BWJFHOYWmdT,67,<class 'str'>
192,fSpVeg,81,<class 'str'>
193,VmEBVKPGuxv,67,<class 'str'>
194,ElQxXB,72,<class 'str'>
195,dpkduU,57,<class 'str'>
196,aFnShqVyPK,53,<class 'str'>
197,FxsbTFPO,94,<class 'str'>
198,pRHhHnPw,57,<class 'str'>
199,FgKziimM,59,<class 'str'>
200,DAScCUkgi,82,<class 'str'>
201,AhHhMByC,99,<class 'str'>
202,hXlBEDiZbQ,54,<class 'str'>
203,GKyDsgebj,78,<class 'str'>
204,wjdOCMHtP,69,<class 'str'>
205,sHObYYjweYD,53,<class 'str'>
206,bJXhVXbm,53,<class 'str'>
207,iFLWgh,88,<class 'str'>
208,xDzJNshvwfRA,70,<class 'str'>
209,JRurvVHx,95,<class 'str'>
210,OmmgCHFL,76,<class 'str'>
211,IUaCtu,85,<class 'str'>
212,vDPrB,86,<class 'str'>
213,UcQIqriOv,97,<class 'str'>
214,EuSScxONULMC,52,<class 'str'>
215,FpRkh,73,<class 'str'>
216,Bxvme,95,<class 'str'>
217,jmxzS,64,<class 'str'>
218,eUgNUs,88,<class 'str'>
219,maMhWtiy,98,<class 'str'>
220,yOQKNCoZo,61,<class 'str'>
221,GaLNYM,78,<class 'str'>
222,mPiisIXWyyx,68,<class 'str'>
223,KHFkBBzDvE,64,<class 'str'>
224,afggwrKYGk,85,<class 'str'>
225,FngIInkgNb,54,<class 'str'>
226,SXbPuihZt,77,<class 'str'>
227,mnbpF,84,<class 'str'>
228,RIwUfCe,87,<class 'str'>
229,YIILuEXsihF,69,<class 'str'>
230,NcHAxxbMd,80,<class 'str'>
231,eQgNnYwd,50,<class 'str'>
232,xdUojyYLR,81,<class 'str'>
233,MeOofwwRbsUr,77,<class 'str'>
234,vKqVUNlbEzOx,97,<class 'str'>
235,xFeXYApcnh,98,<class 'str'>
236,NDvwlgsc,88,<class 'str'>
237,zgjfzDA,58,<class 'str'>
238,kMVXYAd,55,<class 'str'>
239,JujCHNmtE,52,<class 'str'>
240,feqqClnpln,91,<class 'str'>
241,NqChncGCQRXi,60,<class 'str'>
242,FVkdyg,81,<class 'str'>
243,GiKjQX,63,<class 'str'>
244,lXeBglztYE,63,<class 'str'>
245,gOCgIAdpTIYi,64,<class 'str'>
246,uOlnK,89,<class 'str'>
247,wHJLPoZxHgt,65,<class 'str'>
248,WKTccZuND,73,<class 'str'>
249,vyHyITXQ,94,<class 'str'>
250,AKflmGZHTo,99,<class 'str'>
251,qbizdXBnxlM,68,<class 'str'>
252,HPAvm,64,<class 'str'>
253,AZlXgJHgA,60,<class 'str'>
254,zBqiF,81,<class 'str'>
255,aWcPEt,76,<class 'str'>
256,aBPtP,86,<class 'str'>
257,oXIFlwbNjQGS,76,<class 'str'>
258,fFIqHewxu,56,<class 'str'>
259,eLvbrLQM,91,<class 'str'>
260,ClxvnK,53,<class 'str'>
261,mbxoGXPf,99,<class 'str'>
262,VgYrXK,88,<class 'str'>
263,hTWpVsDl,66,<class 'str'>
264,NbxLwRRKYO,52,<class 'str'>
265,oMVOGpDs,58,<class 'str'>
266,QDeosQQPwAUN,70,<class 'str'>
267,RLmasAI,86,<class 'str'>
268,tnGWCkkETd,69,<class 'str'>
269,fwpZzfKdLAN,50,<class 'str'>
270,DrHTIkq,84,<class 'str'>
271,wdAyMsNxlK,83,<class 'str'>
272,ldIWsBlwaD,96,<class 'str'>
273,VTSdvZ,96,<class 'str'>
274,YizqSogLnVn,70,<class 'str'>
275,UmHnhAe,52,<class 'str'>
276,cgGKsg,96,<class 'str'>
277,jAkYaCWWj,99,<class 'str'>
278,dxGmPNEYUd,84,<class 'str'>
279,TEaiKCoYpKb,75,<class 'str'>
280,qHWrNkYdDjTY,93,<class 'str'>
281,monEl,93,<class 'str'>
282,AOyUQCnVhD,85,<class 'str'>
283,WyGVJmuOW,95,<class 'str'>
284,pGNpEsxQMWDg,65,<class 'str'>
285,PpNhIxE,82,<class 'str'>
286,zqLrBt,61,<class 'str'>
287,dVdbNoFNQOYa,89,<class 'str'>
288,sYuZqMnSS,56,<class 'str'>
289,vqVZBpbAl,75,<class 'str'>
290,vqdrDwJX,74,<class 'str'>
291,tdDraZsDIzA,92,<class 'str'>
292,OHFxB,96,<class 'str'>
293,UVzPqdzrxc,69,<class 'str'>
294,hzxpPRGAek,91,<class 'str'>
295,KRgsnXRExJv,67,<class 'str'>
296,QcdXobDiGxiZ,88,<class 'str'>
297,XYoZDWk,68,<class 'str'>
298,oLqoxPEnLnK,67,<class 'str'>
299,DaTQSj,94,<class 'str'>
300,zFXaItLQT,64,<class 'str'>
301,rptIiDiivQCT,68,<class 'str'>
302,WZvGA,65,<class 'str'>
303,iNdCZAz,61,<class 'str'>
304,GlQsUkG,76,<class 'str'>
305,bMeylcl,91,<class 'str'>
306,xmWuApMfz,80,<class 'str'>
307,BEzPVUHHXSXR,51,<class 'str'>
308,VDoQZQ,78,<class 'str'>
309,cLRCtE,63,<class 'str'>
310,RDmDlOmuWMe,73,<class 'str'>
311,YXGaJ,74,<class 'str'>
312,fygcvFqgA,89,<class 'str'>
313,YkNkJr,78,<class 'str'>
314,phQklOecGX,62,<class 'str'>
315,xTzkIUgam,64,<class 'str'>
316,QJbQuiEgC,89,<class 'str'>
317,QUwuvkZ,98,<class 'str'>
318,SQkRhU,65,<class 'str'>
319,pKxOISXLpQ,88,<class 'str'>
320,nFbEfgrXdr,63,<class 'str'>
321,FKdJK,69,<class 'str'>
322,NvBPKlQXI,95,<class 'str'>
323,slUulOjPfJJu,91,<class 'str'>
324,czGVUmTYPCgB,72,<class 'str'>
325,gdTrtIRf,80,<class 'str'>
326,egqoGIc,98,<class 'str'>
327,rfQFFjehI,81,<class 'str'>
328,cfNuxpE,65,<class 'str'>
329,MHQbIPxO,87,<class 'str'>
330,vkLDdAMp,81,<class 'str'>
331,nxlGJ,53,<class 'str'>
332,cgvbBwTafffq,73,<class 'str'>
333,ZbAnNT,70,<class 'str'>
334,Zwzaf,64,<class 'str'>
335,cuUCL,96,<class 'str'>
336,umDUG,76,<class 'str'>
337,jidwOJGeWli,97,<class 'str'>
338,qOTHpwhyw,83,<class 'str'>
339,PEMGFoFQeE,60,<class 'str'>
340,qRlwjiMWeM,70,<class 'str'>
341,NnkhqsrqSm,65,<class 'str'>
342,ZtrEG,84,<class 'str'>
343,msQVGSTHuSD,58,<class 'str'>
344,dUDslUWJBC,100,<class 'str'>
345,jhYpwAFaYqy,96,<class 'str'>
346,fHtnIreqR,79,<class 'str'>
347,YnawcVXnfaK,100,<class 'str'>
348,QtSshERK,84,<class 'str'>
349,hJZZAjXkS,60,<class 'str'>
350,GLfSYobpYll,91,<class 'str'>
351,azXVGpTh,96,<class 'str'>
352,TpRuF,86,<class 'str'>
353,KglrBvFyv,79,<class 'str'>
354,VDUxVi,80,<class 'str'>
355,EjUhan,96,<class 'str'>
356,HyMsZQx,80,<class 'str'>
357,AqduOYD,74,<class 'str'>
358,LqzcvMVnsTlF,64,<class 'str'>
359,vhUvK,71,<class 'str'>
360,CkouHaZ,75,<class 'str'>
361,hWaOId,68,<class 'str'>
362,yDwdxEcRh,58,<class 'str'>
363,uTWzoLhzE,51,<class 'str'>
364,dGXBtNmvVh,88,<class 'str'>
365,wPAqQhkHYh,89,<class 'str'>
366,AiqWwtgDOT,80,<class 'str'>
367,RbokjU,53,<class 'str'>
368,jWalRZXbln,83,<class 'str'>
369,sglbqW,80,<class 'str'>
370,iQpNOUevILV,52,<class 'str'>
371,kUVWuChiQzY,77,<class 'str'>
372,lWzAA,95,<class 'str'>
373,tRFYK,50,<class 'str'>
374,ZrAjKYmU,53,<class 'str'>
375,fXFxCh,70,<class 'str'>
376,jkAifruIz,58,<class 'str'>
377,bDOMSpUqbcH,85,<class 'str'>
378,kdAvArOF,78,<class 'str'>
379,KJKAWU,78,<class 'str'>
380,FoHWOmm,88,<class 'str'>
381,wbZQVkekIuUF,82,<class 'str'>
382,nhGUzzKFZ,82,<class 'str'>
383,TMRagQshP,53,<class 'str'>
384,mueFhnJ,97,<class 'str'>
385,AQimI,64,<class 'str'>
386,lVvbnFmsunNQ,93,<class 'str'>
387,bnLhNeijGS,79,<class 'str'>
388,BiUtWbmP,83,<class 'str'>
389,TCRLYR,87,<class 'str'>
390,XtgVGYL,52,<class 'str'>
391,umeOB,70,<class 'str'>
392,EOIdSnIp,57,<class 'str'>
393,lEdXyUfMboWA,75,<class 'str'>
394,RtLohhlAXh,75,<class 'str'>
395,vHQfeRKvpi,85,<class 'str'>
396,ZLlgMxAzvzEM,50,<class 'str'>
397,jUfNIvAMlQ,87,<class 'str'>
398,RHKKpmS,68,<class 'str'>
399,BuBxH,74,<class 'str'>
400,gaXedrzumUVf,77,<class 'str'>
401,YYwNT,91,<class 'str'>
402,vfCPC,60,<class 'str'>
403,jjHuqzI,65,<class 'str'>
404,BPSmMf,72,<class 'str'>
405,MuRuu,77,<class 'str'>
406,XSmnLUZXtW,52,<class 'str'>
407,tIfqDxTup,97,<class 'str'>
408,XVtaYHWnVJi,74,<class 'str'>
409,QIffuNdQxH,90,<class 'str'>
410,TnwWYMN,82,<class 'str'>
411,LBguxD,75,<class 'str'>
412,YuHEHtOt,85,<class 'str'>
413,YjNVoKt,70,<class 'str'>
414,kSSASCZImw,64,<class 'str'>
415,srOgqLQMC,52,<class 'str'>
416,MxZQFM,72,<class 'str'>
417,BHaoxnp,82,<class 'str'>
418,ipBnWcrtimc,69,<class 'str'>
419,OLSeU,57,<class 'str'>
420,mhgWOLGmW,72,<class 'str'>
421,UkWhu,52,<class 'str'>
422,ctxuvGcIZX,82,<class 'str'>
423,zHlMB,50,<class 'str'>
424,wSQHCb,70,<class 'str'>
425,cFlypPL,58,<class 'str'>
426,ICjadSD,59,<class 'str'>
427,RxYiLOy,83,<class 'str'>
428,ormeAkOMZ,70,<class 'str'>
429,nDxXM,98,<class 'str'>
430,NhmFjyXtLJ,71,<class 'str'>
431,gBkBnAfLt,83,<class 'str'>
432,IMwQISqkWwCS,90,<class 'str'>
433,YEtnEiy,50,<class 'str'>
434,EENyXvYK,50,<class 'str'>
435,xmSXCFAwEN,92,<class 'str'>
436,HKhQWZY,53,<class 'str'>
437,JFNRKwDiBMk,52,<class 'str'>
438,DKKAQAsnxaQF,92,<class 'str'>
439,kDLqSvNQd,65,<class 'str'>
440,ScMEB,78,<class 'str'>
441,hqfVZsvjEPkh,85,<class 'str'>
442,UuqgdzgNdVf,58,<class 'str'>
443,BShzPjG,94,<class 'str'>
444,WniRuxS,96,<class 'str'>
445,apUuY,51,<class 'str'>
446,DklfDxMehJQE,99,<class 'str'>
447,vyjwl,72,<class 'str'>
448,QcbLMEsqERX,57,<class 'str'>
449,sGzuWUToGG,95,<class 'str'>
450,DkIBNEEz,93,<class 'str'>
451,UgFhGWbtm,90,<class 'str'>
452,smkjcYXXk,96,<class 'str'>
453,ChCjE,62,<class 'str'>
454,ZkaNq,90,<class 'str'>
455,VQWlmDnj,98,<class 'str'>
456,ZnLFuK,86,<class 'str'>
457,JhTBVdKdX,100,<class 'str'>
458,mCYAjYDICLB,73,<class 'str'>
459,YlHOVmRvtIX,92,<class 'str'>
460,FJdJUCj,78,<class 'str'>
461,oanOkqeH,69,<class 'str'>
462,tOWDuhS,80,<class 'str'>
463,RQPYjHdioZKe,73,<class 'str'>
464,VkHoFjpk,65,<class 'str'>
465,BNDbwTpjtU,86,<class 'str'>
466,WxNLYHNjybb,74,<class 'str'>
467,yQNlbGsU,73,<class 'str'>
468,KpDEC,80,<class 'str'>
469,bCgbiVAtzB,94,<class 'str'>
470,SIxWyvc,91,<class 'str'>
471,MLAnGvy,79,<class 'str'>
472,ZHCacETih,52,<class 'str'>
473,FTFcs,84,<class 'str'>
474,QUCqZh,54,<class 'str'>
475,fTWzg,90,<class 'str'>
476,NMvOsbai,74,<class 'str'>
477,uUTVGKXIAIQ,58,<class 'str'>
478,IoIpCMvddxE,66,<class 'str'>
479,YXKVaNhOR,85,<class 'str'>
480,tbqEiX,90,<class 'str'>
481,ssifeVEnI,73,<class 'str'>
482,pNMEmyGCoplJ,80,<class 'str'>
483,wsVPrZKqb,52,<class 'str'>
484,rYLLVuH,53,<class 'str'>
485,jBIPRGKn,76,<class 'str'>
486,XPjNV,91,<class 'str'>
487,hCTiXX,80,<class 'str'>
488,VADGBH,79,<class 'str'>
489,HLyviyj,92,<class 'str'>
490,iwtkS,90,<class 'str'>
491,LReXsS,59,<class 'str'>
492,MYvKsXFQRGQ,51,<class 'str'>
493,JuVvvTMQFExq,93,<class 'str'>
494,dviuTZgJ,98,<class 'str'>
495,OotXKBTKe,69,<class 'str'>
496,xnbvRoPFpd,63,<class 'str'>
497,NYSEnJArG,79,<class 'str'>
498,UuXQIbTZGIz,69,<class 'str'>
499,sQYvEuoMNY,72,<class 'str'>
500,FexGnAGpJf,84,<class 'str'>
501,DcenKrkhAxu,77,<class 'str'>
502,pbLqfh,86,<class 'str'>
503,EzaPYqdIn,63,<class 'str'>
504,JmFXPyHzY,90,<class 'str'>
505,JiRptydyXIj,61,<class 'str'>
506,fozdHLot,72,<class 'str'>
507,pJJDBIMQnOlU,62,<class 'str'>
508,LRKLdRj,85,<class 'str'>
509,sSKIkB,87,<class 'str'>
510,IbiZAXy,71,<class 'str'>
511,GoGGH,100,<class 'str'>
512,ABAexJGkR,75,<class 'str'>
513,QOymQT,60,<class 'str'>
514,CKcoC,78,<class 'str'>
515,UcZhD,85,<class 'str'>
516,PZNeZt,54,<class 'str'>
517,vnDULv,88,<class 'str'>
518,rgJnTGytwxVN,90,<class 'str'>
519,FJUMLHxyB,89,<class 'str'>
520,lueBYwqS,63,<class 'str'>
521,SOUdWKGev,65,<class 'str'>
522,VrFzlC,69,<class 'str'>
523,HulIvDXra,91,<class 'str'>
524,qgazNOliiQB,75,<class 'str'>
525,zYIhUJdTsQ,58,<class 'str'>
526,leIglK,66,<class 'str'>
527,aVPHuBlIbZNx,87,<class 'str'>
528,YLBdLXj,56,<class 'str'>
529,cDRKoUUuW,53,<class 'str'>
530,wJfjo,72,<class 'str'>
531,ccgPMj,77,<class 'str'>
532,ejqjxUDuvijm,85,<class 'str'>
533,HZpRYAAxCuy,61,<class 'str'>
534,JfVnJsJskYv,77,<class 'str'>
535,tdsrcD,55,<class 'str'>
536,IWNMbDLmNgW,64,<class 'str'>
537,IAZYO,85,<class 'str'>
538,JLQkndDPnmth,87,<class 'str'>
539,qJpBEMxwhzJ,50,<class 'str'>
540,ftrVePPzF,81,<class 'str'>
541,zFVHUf,74,<class 'str'>
542,ztzEynbacKZs,55,<class 'str'>
543,vDnPvIIh,84,<class 'str'>
544,zblhY,58,<class 'str'>
545,AtLQgynnjT,74,<class 'str'>
546,cIcBR,64,<class 'str'>
547,HnLgdDg,98,<class 'str'>
548,sijyIqGPujt,89,<class 'str'>
549,dFAeXWiQ,53,<class 'str'>
550,ymFrnSkfVJuy,72,<class 'str'>
551,rLrIG,75,<class 'str'>
552,rjHXytwH,74,<class 'str'>
553,tusyYgODwPCZ,78,<class 'str'>
554,ZZVdYnfp,94,<class 'str'>
555,SJNOqYx,50,<class 'str'>
556,WWOETvhLffs,87,<class 'str'>
557,TZAAwjTUI,80,<class 'str'>
558,EMIZPaBKx,56,<class 'str'>
559,SchBpkgeo,66,<class 'str'>
560,DDTJQpXCUSZ,84,<class 'str'>
561,SqDrTrwKMMLf,51,<class 'str'>
562,IHEIExpocZ,95,<class 'str'>
563,tlwZKhRIhuW,97,<class 'str'>
564,OProBEitjM,93,<class 'str'>
565,yvcAmRfHXL,60,<class 'str'>
566,JXgTrdb,61,<class 'str'>
567,GzUCVhWIBWNp,53,<class 'str'>
568,dsbDsoWRq,93,<class 'str'>
569,hperGHRnes,65,<class 'str'>
570,cOyazEVYePna,79,<class 'str'>
571,hJHdf,69,<class 'str'>
572,trbroumKgF,76,<class 'str'>
573,oIHcvPVfd,65,<class 'str'>
574,ThjCOsH,82,<class 'str'>
575,cbzBFeAWGHR,91,<class 'str'>
576,zYGuhbImrCJe,62,<class 'str'>
577,ImdnnOocwjEm,85,<class 'str'>
578,QUQuzXzecLf,79,<class 'str'>
579,OQctqPrticq,99,<class 'str'>
580,NwvaWYWT,93,<class 'str'>
581,qTaEG,57,<class 'str'>
582,kLmuh,80,<class 'str'>
583,iJjKMnjBlfZ,50,<class 'str'>
584,bPbTWcbB,76,<class 'str'>
585,YVtkU,72,<class 'str'>
586,OTACih,63,<class 'str'>
587,XUQoV,52,<class 'str'>
588,xmUeP,91,<class 'str'>
589,QLoLSqT,85,<class 'str'>
590,RsjPsN,56,<class 'str'>
591,tjDlmK,75,<class 'str'>
592,HZbxvtmWew,90,<class 'str'>
593,zEkzsixGZK,87,<class 'str'>
594,IezzeurwlXm,79,<class 'str'>
595,syPobLFvTycE,69,<class 'str'>
596,SawDyyATmWkS,62,<class 'str'>
597,aVCTxewkDO,79,<class 'str'>
598,ovZYVnSKgB,77,<class 'str'>
599,DPcwkdTIO,55,<class 'str'>
600,bTLAJgCG,77,<class 'str'>
601,kDiZtcTRer,82,<class 'str'>
602,zXJtfXcJ,82,<class 'str'>
603,GWGwe,66,<class 'str'>
604,yRYkTPpIL,59,<class 'str'>
605,uYoIcDTcjA,79,<class 'str'>
606,dzhAHkoHgiW,63,<class 'str'>
607,FIdlEvLLI,62,<class 'str'>
608,bAWtIt,54,<class 'str'>
609,oaylsUKTYMit,76,<class 'str'>
610,GnTpdW,71,<class 'str'>
611,ebVJbsXqC,84,<class 'str'>
612,QtKtd,75,<class 'str'>
613,csTYuHTd,76,<class 'str'>
614,NYfApUe,96,<class 'str'>
615,CIsHuX,53,<class 'str'>
616,cNMphUFm,99,<class 'str'>
617,KiHplrIhbzVU,66,<class 'str'>
618,UrfJmYAdfsmw,97,<class 'str'>
619,LGUOopOnNo,54,<class 'str'>
620,bJzvcoUwn,50,<class 'str'>
621,LRFYhINNMz,91,<class 'str'>
622,UhFlmZ,50,<class 'str'>
623,fENIbgGKla,51,<class 'str'>
624,TDWbu,54,<class 'str'>
625,oLetDNLhEFZ,74,<class 'str'>
626,XKdRXzFGwjnz,63,<class 'str'>
627,nOXYGqB,90,<class 'str'>
628,lYBzsJ,89,<class 'str'>
629,ABmnIclk,68,<class 'str'>
630,xycAaGkmXBd,63,<class 'str'>
631,uIVnHWL,53,<class 'str'>
632,JpJrvNpdjIgZ,82,<class 'str'>
633,lzRHCobY,87,<class 'str'>
634,aOoyVdpqvL,98,<class 'str'>
635,YDIYyIr,92,<class 'str'>
636,UPNiLVBLT,99,<class 'str'>
637,XEcJQA,73,<class 'str'>
638,UsdQcDMexo,51,<class 'str'>
639,zkYMzAIyfBiw,85,<class 'str'>
640,rYxQifV,80,<class 'str'>
641,uZFICxzy,77,<class 'str'>
642,dSLPLhXaPx,77,<class 'str'>
643,tWXxgJR,96,<class 'str'>
644,opeRaq,68,<class 'str'>
645,OwhXystV,69,<class 'str'>
646,WvXCDlhDLqn,61,<class 'str'>
647,hakBllaDXEV,85,<class 'str'>
648,ZYOmicAETmNQ,57,<class 'str'>
649,VyEPxoPRNoHk,86,<class 'str'>
650,QyAepyMm,83,<class 'str'>
651,PFNJLHQ,95,<class 'str'>
652,tZrgCMX,80,<class 'str'>
653,fnKTqzIq,59,<class 'str'>
654,PuIhrFFX,82,<class 'str'>
655,wWcNYCArLgK,69,<class 'str'>
656,Ndhbro,98,<class 'str'>
657,DPbqNxsdi,53,<class 'str'>
658,sTgtSZNsCz,85,<class 'str'>
659,YfuuZos,100,<class 'str'>
660,CZCoctKSGj,79,<class 'str'>
661,YFVZXOMvbGY,67,<class 'str'>
662,RsVDnDn,83,<class 'str'>
663,MnrJRlQ,74,<class 'str'>
664,gMyxoqLHEMt,54,<class 'str'>
665,mnRVsmwpVh,68,<class 'str'>
666,QMrKe,72,<class 'str'>
667,EwJfEBqlLxh,81,<class 'str'>
668,KUrEKD,72,<class 'str'>
669,lxpqPKdyF,67,<class 'str'>
670,PGphZp,92,<class 'str'>
671,cERDTbO,84,<class 'str'>
672,FmUpoA,64,<class 'str'>
673,xnvaKq,81,<class 'str'>
674,WwfjpbFgTE,87,<class 'str'>
675,qNHQXP,68,<class 'str'>
676,jGzvRglTtXqY,55,<class 'str'>
677,yHjCYBGRd,89,<class 'str'>
678,RWNwaokbaEiY,63,<class 'str'>
679,wxVPTAN,83,<class 'str'>
680,tCEcYUgAHejw,55,<class 'str'>
681,eYwMusVMayan,75,<class 'str'>
682,eCBbhJwN,54,<class 'str'>
683,auRUVE,92,<class 'str'>
684,ryhuv,61,<class 'str'>
685,CBvTBX,89,<class 'str'>
686,KCWabvTKDxbE,83,<class 'str'>
687,lhfPtEjfT,57,<class 'str'>
688,rtXsl,80,<class 'str'>
689,nVlyPenfJ,95,<class 'str'>
690,dFhMzE,84,<class 'str'>
691,npbtQxfJbO,79,<class 'str'>
692,hKuRxvAXwjqY,63,<class 'str'>
693,MMXbgZCmgk,64,<class 'str'>
694,tlLiNhZXw,79,<class 'str'>
695,klEcu,92,<class 'str'>
696,TyRUQ,99,<class 'str'>
697,NmifRpVOZs,59,<class 'str'>
698,PfgOhbwAcTL,69,<class 'str'>
699,zMtxHYGx,70,<class 'str'>
700,mtSDvNO,91,<class 'str'>
701,GqKOXopKuKvz,69,<class 'str'>
702,vJsUwi,91,<class 'str'>
703,vvKClyPZNR,99,<class 'str'>
704,TjWPUWjOSW,59,<class 'str'>
705,FjvIoRGw,58,<class 'str'>
706,RtobOnRHmd,52,<class 'str'>
707,FYKPje,78,<class 'str'>
708,ECBHGkWICXr,69,<class 'str'>
709,qUGEAPglYI,59,<class 'str'>
710,gnIGFtwsPwnf,67,<class 'str'>
711,yyIpc,65,<class 'str'>
712,PUPwGumz,76,<class 'str'>
713,NtNdLeZir,58,<class 'str'>
714,bnQvyLHEBnb,70,<class 'str'>
715,dLOFP,83,<class 'str'>
716,HLvtIzqDod,82,<class 'str'>
717,SsMwiAQZza,91,<class 'str'>
718,CzkCPWyg,55,<class 'str'>
719,fSTAwkVEvYX,88,<class 'str'>
720,hLYYEqQCXh,50,<class 'str'>
721,cveJt,83,<class 'str'>
722,QvSnktVt,80,<class 'str'>
723,Xtbiwvyrh,86,<class 'str'>
724,rVQgmlO,88,<class 'str'>
725,IRFOCv,84,<class 'str'>
726,cqMEiRBU,50,<class 'str'>
727,uKUCRywhJ,70,<class 'str'>
728,pPBqbIE,77,<class 'str'>
729,uHToCsf,93,<class 'str'>
730,ZtIPrFay,81,<class 'str'>
731,jXiMET,92,<class 'str'>
732,plIlai,83,<class 'str'>
733,PMvEh,91,<class 'str'>
734,eNMkURuHU,71,<class 'str'>
735,DbVGmKl,98,<class 'str'>
736,FKXhDXOp,90,<class 'str'>
737,HquwHguQVz,76,<class 'str'>
738,tyIWcEkTB,97,<class 'str'>
739,iLUpUVxAWL,63,<class 'str'>
740,UQHahg,96,<class 'str'>
741,FHwsfWEsrI,62,<class 'str'>
742,bWOTBoLq,68,<class 'str'>
743,WrRqtGKEeZ,53,<class 'str'>
744,ceiREBuAsNRl,79,<class 'str'>
745,kSVJRhRIlja,51,<class 'str'>
746,MqmEffNi,81,<class 'str'>
747,wQbrf,77,<class 'str'>
748,pgbTtlAMlDQv,67,<class 'str'>
749,navNNkbtZOF,74,<class 'str'>
750,vVQkhbTRR,96,<class 'str'>
751,oKDijVU,82,<class 'str'>
752,HLSzWqcJQF,54,<class 'str'>
753,zBxeGKmNnS,80,<class 'str'>
754,vagDyigkCHEO,69,<class 'str'>
755,FmdbYSpxQbC,64,<class 'str'>
756,BmWZGIHgGGj,96,<class 'str'>
757,mcTqszI,59,<class 'str'>
758,vLbGRG,68,<class 'str'>
759,OFyLLl,57,<class 'str'>
760,DqCMuXEZ,56,<class 'str'>
761,aMAkiCe,70,<class 'str'>
762,egoGXMcijFZd,84,<class 'str'>
763,kQWwWl,56,<class 'str'>
764,yFWioFPZx,92,<class 'str'>
765,BZDoD,56,<class 'str'>
766,KTgkfRmDcJ,100,<class 'str'>
767,GcTufjjFlsG,53,<class 'str'>
768,LIFHbOuSNx,62,<class 'str'>
769,nrooctClY,71,<class 'str'>
770,dwjqElYRFLQ,68,<class 'str'>
771,KMoFMFxB,55,<class 'str'>
772,CbZwQVNT,84,<class 'str'>
773,xKUJj,96,<class 'str'>
774,xMOxcUy,90,<class 'str'>
775,JbvGALCxPAl,69,<class 'str'>
776,ZzsnGNbHb,71,<class 'str'>
777,DrWByoomMXR,90,<class 'str'>
778,MXVQa,51,<class 'str'>
779,iiewY,72,<class 'str'>
780,eIyVqbNeFuq,67,<class 'str'>
781,wpisSyKzK,55,<class 'str'>
782,rtRYSJCzBBb,56,<class 'str'>
783,sLukNuxCiD,52,<class 'str'>
784,wzwfJwmL,88,<class 'str'>
785,qKkZxiVF,78,<class 'str'>
786,wJXnstaWI,71,<class 'str'>
787,LhFOOCqX,93,<class 'str'>
788,ZtnuKjXIX,58,<class 'str'>
789,hZdyKGgZIJjH,89,<class 'str'>
790,GKQXyZIeYol,61,<class 'str'>
791,GgNggmgcjgS,60,<class 'str'>
792,fbHgp,97,<class 'str'>
793,QVDgzmmC,99,<class 'str'>
794,ulDgaysxNAXF,95,<class 'str'>
795,BLncEYyHuA,75,<class 'str'>
796,gGJyCGKSvKu,92,<class 'str'>
797,NoHklqUSF,62,<class 'str'>
798,XsFZG,77,<class 'str'>
799,QzlmtipDG,77,<class 'str'>
800,OZcOBv,77,<class 'str'>
801,xTywnQ,50,<class 'str'>
802,mQsxeJKzsy,55,<class 'str'>
803,HkPLBjqxkv,83,<class 'str'>
804,MTsnPZ,54,<class 'str'>
805,umXMiRdH,82,<class 'str'>
806,BzfRunEA,82,<class 'str'>
807,aVjCJ,95,<class 'str'>
808,ujwPbYZrmw,99,<class 'str'>
809,GIqxmYa,62,<class 'str'>
810,suLBHafOPr,69,<class 'str'>
811,lJrpJ,98,<class 'str'>
812,qUJRrGCEiB,53,<class 'str'>
813,CyoBqTokoa,50,<class 'str'>
814,OtZkxN,61,<class 'str'>
815,VxJYBy,81,<class 'str'>
816,FPIWAAHBa,54,<class 'str'>
817,wXeWlyqHB,59,<class 'str'>
818,EqbnoViutIsb,75,<class 'str'>
819,uHJiGMkY,77,<class 'str'>
820,rLnjSTXGpXGA,78,<class 'str'>
821,BnHSgjdeWm,50,<class 'str'>
822,FvRwkiymS,94,<class 'str'>
823,qgPJl,73,<class 'str'>
824,sasBkAawCFd,54,<class 'str'>
825,VFhlN,94,<class 'str'>
826,OiDXapl,66,<class 'str'>
827,pzfyRjwR,68,<class 'str'>
828,utclGN,80,<class 'str'>
829,UgiOJzcoqtSb,71,<class 'str'>
830,JnJEogza,50,<class 'str'>
831,nfeGOtZVj,97,<class 'str'>
832,Agovy,75,<class 'str'>
833,DhWSIPY,95,<class 'str'>
834,sYOinmTgLAw,82,<class 'str'>
835,vEsqBKtzONu,64,<class 'str'>
836,jomvDkhAlk,77,<class 'str'>
837,lVLaZHsH,72,<class 'str'>
838,ZHxSTRXFrK,54,<class 'str'>
839,qickearYWOuC,54,<class 'str'>
840,OBCLzeynUzz,79,<class 'str'>
841,peUkcHMHAR,52,<class 'str'>
842,DiljQQ,80,<class 'str'>
843,JUbtVvbiRn,79,<class 'str'>
844,UGTJNsRmx,97,<class 'str'>
845,cRJKVmNA,73,<class 'str'>
846,LoCNzkGrlKV,95,<class 'str'>
847,phCjSF,83,<class 'str'>
848,Vzdnr,81,<class 'str'>
849,iJcqmr,79,<class 'str'>
850,QZIiATDUZfS,51,<class 'str'>
851,ismFm,90,<class 'str'>
852,hDlYU,70,<class 'str'>
853,DEoSjuYDr,91,<class 'str'>
854,oYLWd,94,<class 'str'>
855,ByLDlOELigfe,53,<class 'str'>
856,mpkaBW,79,<class 'str'>
857,gpTkSOdHH,51,<class 'str'>
858,HkIQew,84,<class 'str'>
859,EggcuJ,91,<class 'str'>
860,YuvoDHFxZhw,67,<class 'str'>
861,jMkFEeSp,93,<class 'str'>
862,CWHTIomdV,60,<class 'str'>
863,yNIXHbeAFH,62,<class 'str'>
864,RxXxfCG,69,<class 'str'>
865,AmqMkTI,62,<class 'str'>
866,AXrGuveARAg,87,<class 'str'>
867,VeCWwFcRIft,74,<class 'str'>
868,JtlpdIeJCg,94,<class 'str'>
869,KSsjquwAUm,69,<class 'str'>
870,wUQuzv,60,<class 'str'>
871,hDIbUrhh,93,<class 'str'>
872,rxmKHoUiNkNR,82,<class 'str'>
873,dEkaGtQiYX,72,<class 'str'>
874,QTwKZTYReW,84,<class 'str'>
875,XmsDjqxb,52,<class 'str'>
876,afkkQUbXi,100,<class 'str'>
877,KvWTbisB,92,<class 'str'>
878,sHwwVoKuEIfx,96,<class 'str'>
879,MLmZWWwEYKL,73,<class 'str'>
880,RXtLKYQivkB,92,<class 'str'>
881,GyQpAHgIolw,50,<class 'str'>
882,FfumkNn,66,<class 'str'>
883,drEGWX,79,<class 'str'>
884,YqLpRpx,60,<class 'str'>
885,AnLYHCJeR,52,<class 'str'>
886,lSEhgoHfJ,52,<class 'str'>
887,ujAchb,97,<class 'str'>
888,lkNwW,66,<class 'str'>
889,XyvAZ,96,<class 'str'>
890,LmsRfElv,61,<class 'str'>
891,mhvAt,89,<class 'str'>
892,OJmBjsHW,69,<class 'str'>
893,uryDBg,56,<class 'str'>
894,SWRgpq,98,<class 'str'>
895,jMduOnHNMOmL,65,<class 'str'>
896,JFMkMVXjALA,50,<class 'str'>
897,GHBDhnFxVS,84,<class 'str'>
898,lQCLDJv,65,<class 'str'>
899,tRlVWXfey,64,<class 'str'>
900,roJknxrNXDg,70,<class 'str'>
901,gCvqYNtYY,74,<class 'str'>
902,WWIRnEKW,85,<class 'str'>
903,fVWIpboe,89,<class 'str'>
904,eRXnrjyZCN,72,<class 'str'>
905,wuYbySB,87,<class 'str'>
906,EugkvHt,64,<class 'str'>
907,cTbxPvpDK,78,<class 'str'>
908,uUiXlWveHi,93,<class 'str'>
909,mPeiBBU,71,<class 'str'>
910,nxBRBCq,71,<class 'str'>
911,MkqXA,56,<class 'str'>
912,QNYUoOIU,96,<class 'str'>
913,HVuzMWa,55,<class 'str'>
914,wpulfIcZ,63,<class 'str'>
915,WkdWIQQvxVeD,68,<class 'str'>
916,GhwWt,51,<class 'str'>
917,KsbpCkXSs,90,<class 'str'>
918,LyWLXFPBVIKp,75,<class 'str'>
919,rZVdCfzpW,71,<class 'str'>
920,nOFWrpzCaHUq,78,<class 'str'>
921,cHIeDFuYhU,61,<class 'str'>
922,TnSGqXlSFe,61,<class 'str'>
923,yvRHh,87,<class 'str'>
924,SxCUDgjzULKB,59,<class 'str'>
925,sAJNs,54,<class 'str'>
926,YgQPtHjcO,90,<class 'str'>
927,dNiaegloX,63,<class 'str'>
928,VkNkkLdpXS,91,<class 'str'>
929,pqVZcAeLGgC,100,<class 'str'>
930,rssxbNEeND,53,<class 'str'>
931,cPMYyTSBc,52,<class 'str'>
932,BkQEZEaxQ,79,<class 'str'>
933,kenpYabfJHUM,68,<class 'str'>
934,vLRhiw,91,<class 'str'>
935,hyFddsyh,75,<class 'str'>
936,bTyJa,70,<class 'str'>
937,dSKoEa,84,<class 'str'>
938,CysybkfmyxGj,74,<class 'str'>
939,bJzQKpxbG,63,<class 'str'>
940,LmfqhVV,76,<class 'str'>
941,JWxjAT,72,<class 'str'>
942,NRmmnBdXUPht,56,<class 'str'>
943,fLrsWDd,91,<class 'str'>
944,dqKJhywtVRl,77,<class 'str'>
945,WSbWQbqQnbTC,99,<class 'str'>
946,cBqfcgBpbxA,77,<class 'str'>
947,hFylGId,69,<class 'str'>
948,JxWfWyIj,78,<class 'str'>
949,gkMTwOqtutw,93,<class 'str'>
950,atJkeo,63,<class 'str'>
951,qXuDG,89,<class 'str'>
952,GxxaPpmSDuu,76,<class 'str'>
953,LsGvJ,80,<class 'str'>
954,VegJQZ,98,<class 'str'>
955,pRtnFvdt,72,<class 'str'>
956,gwyquaPaD,62,<class 'str'>
957,MGJDLdAPhOPs,63,<class 'str'>
958,BRsmDROqaAi,95,<class 'str'>
959,JKDtwzTacx,70,<class 'str'>
960,PEOVJEPmC,82,<class 'str'>
961,dPShgTYNJnz,80,<class 'str'>
962,WRTHitm,59,<class 'str'>
963,nWVMzofMx,57,<class 'str'>
964,BATwLJmddyYQ,61,<class 'str'>
965,jeCBrDNvHCH,82,<class 'str'>
966,eUhMIsJGj,77,<class 'str'>
967,PBcqc,93,<class 'str'>
968,ehpkhIYU,93,<class 'str'>
969,giLkxKOoixC,65,<class 'str'>
970,NFyWz,100,<class 'str'>
971,gnQoz,70,<class 'str'>
972,OLtMOIacvAn,78,<class 'str'>
973,LfByMdMl,78,<class 'str'>
974,xCycYpZV,85,<class 'str'>
975,YSCVEt,51,<class 'str'>
976,zTsXJFM,94,<class 'str'>
977,QXcNSFoQafS,55,<class 'str'>
978,TyguBdsvuOj,100,<class 'str'>
979,doFUONTjJYv,62,<class 'str'>
980,SHIifHe,66,<class 'str'>
---,---,---,---
---,---,---,---
